[
  {
    "name": "Pimlapat Sukaump ...",
    "dupr_id": "MYKLVG",
    "city": "Dinso Road",
    "country": "Sierra Leone"
  },
  {
    "name": "Sherif Zaher",
    "dupr_id": "RZ0P7D",
    "city": "Hurghada 2",
    "country": "Egypt"
  },
  {
    "name": "Margo Zaher",
    "dupr_id": "NY6PNZ",
    "city": "Hurghada 2",
    "country": "Egypt"
  },
  {
    "name": "Ty Zaher",
    "dupr_id": "9POKRV",
    "city": "Hurghada 2",
    "country": "Egypt"
  },
  {
    "name": "Noha Mohsen",
    "dupr_id": "Q5P9M5",
    "city": "Cairo Governorate",
    "country": "Egypt"
  },
  {
    "name": "Hazem Zaatar",
    "dupr_id": "KO7O0O",
    "city": "Qasr Ad Dobarah",
    "country": "Egypt"
  },
  {
    "name": "Youssef Raafat",
    "dupr_id": "V7KXXP",
    "city": "Abdeen",
    "country": "Egypt"
  },
  {
    "name": "François Fakhoury",
    "dupr_id": "4LDMGV",
    "city": "New Valley Governorate",
    "country": "Egypt"
  },
  {
    "name": "Rasha Abdelsalam",
    "dupr_id": "L56JXK",
    "city": "",
    "country": "Egypt"
  },
  {
    "name": "Ahmed Adel",
    "dupr_id": "KOWW07",
    "city": "Ahmed Zewail Square",
    "country": "Egypt"
  },
  {
    "name": "Robert Tali",
    "dupr_id": "QPN40N",
    "city": "Nairobi",
    "country": "Kenya"
  },
  {
    "name": "Agnes Serem",
    "dupr_id": "YGVV0E",
    "city": "Nairobi",
    "country": "Kenya"
  },
  {
    "name": "Edwin Akwanyi",
    "dupr_id": "V7OV7P",
    "city": "Nairobi",
    "country": "Kenya"
  },
  {
    "name": "Evon Evance",
    "dupr_id": "JZ2WQ4",
    "city": "Dar es Salaam",
    "country": "Tanzania"
  },
  {
    "name": "Fred Charles",
    "dupr_id": "QPV0Q4",
    "city": "Dar es Salaam",
    "country": "Tanzania"
  },
  {
    "name": "Rahim Salehe",
    "dupr_id": "DW7WVM",
    "city": "Dar es Salaam",
    "country": "Tanzania"
  },
  {
    "name": "Hassani Chande",
    "dupr_id": "EGNG4O",
    "city": "Dar es Salaam",
    "country": "Tanzania"
  },
  {
    "name": "Derrick Wasswa",
    "dupr_id": "KOV0YK",
    "city": "Kampala",
    "country": "Uganda"
  },
  {
    "name": "Nakajja Olivia",
    "dupr_id": "YG0X74",
    "city": "Kampala",
    "country": "Uganda"
  },
  {
    "name": "Awori Brenda Kyle",
    "dupr_id": "DWPL06",
    "city": "Kampala",
    "country": "Uganda"
  },
  {
    "name": "Ezra Kigozi Musoke",
    "dupr_id": "YGZRDG",
    "city": "Central Region",
    "country": "Uganda"
  },
  {
    "name": "Manfido67gmail.c ...",
    "dupr_id": "G5PG2G",
    "city": "Nkunjila",
    "country": "Tanzania"
  },
  {
    "name": "T Pocien",
    "dupr_id": "M2GGQP",
    "city": "Kigali",
    "country": "Rwanda"
  },
  {
    "name": "Armand Van Der M ...",
    "dupr_id": "7DQM00",
    "city": "Pretoria",
    "country": "South Africa"
  },
  {
    "name": "Andrew Harvey",
    "dupr_id": "XJWEX7",
    "city": "Pretoria",
    "country": "South Africa"
  },
  {
    "name": "Elsie De Swardt",
    "dupr_id": "RZGP2D",
    "city": "Pretoria",
    "country": "South Africa"
  },
  {
    "name": "Olajide Arowolo",
    "dupr_id": "MYKR9O",
    "city": "Johannesburg",
    "country": "South Africa"
  },
  {
    "name": "Benard Adewole",
    "dupr_id": "NYOD07",
    "city": "Mama",
    "country": "Nigeria"
  },
  {
    "name": "Byron Wegger",
    "dupr_id": "2LM59Y",
    "city": "Bloemfontein",
    "country": "South Africa"
  },
  {
    "name": "Saad Metalssi",
    "dupr_id": "JZYGWD",
    "city": "طنجة",
    "country": "Morocco"
  },
  {
    "name": "Yoones Choukri",
    "dupr_id": "676KD0",
    "city": "Rabat",
    "country": "Morocco"
  },
  {
    "name": "Martin Aggrey",
    "dupr_id": "L5EM4Z",
    "city": "Accra",
    "country": "Ghana"
  },
  {
    "name": "Max Owono",
    "dupr_id": "V7P0WE",
    "city": "Cape Town",
    "country": "South Africa"
  },
  {
    "name": "Grant Baxter",
    "dupr_id": "PK9VNQ",
    "city": "",
    "country": "South Africa"
  },
  {
    "name": "Shady Saber",
    "dupr_id": "V797YE",
    "city": "",
    "country": "Egypt"
  },
  {
    "name": "Marie Coetsee",
    "dupr_id": "JJVZM4",
    "city": "",
    "country": "South Africa"
  },
  {
    "name": "Elizabeth Krebs",
    "dupr_id": "7DWNM4",
    "city": "",
    "country": "Rwanda"
  },
  {
    "name": "Elson Chengleng",
    "dupr_id": "ZNEKRL",
    "city": "",
    "country": ""
  },
  {
    "name": "Jeremiah Moshope ...",
    "dupr_id": "L5XXPQ",
    "city": "Freetown",
    "country": "Sierra Leone"
  },
  {
    "name": "Thomas Ratzki",
    "dupr_id": "XJ4GD4",
    "city": "Punta Gorda",
    "country": "Namibia"
  },
  {
    "name": "Elsabie De Beer",
    "dupr_id": "N7KY56",
    "city": "",
    "country": "South Africa"
  }
]