[
  {
    "name": "Domini Elias Per ...",
    "dupr_id": "OD2QX7",
    "city": "Seville",
    "country": "Brazil"
  },
  {
    "name": "Silvio Martin Su ...",
    "dupr_id": "W6P7YY",
    "city": "",
    "country": "Argentina"
  },
  {
    "name": "Rosario ( Charo) ...",
    "dupr_id": "JZE9L4",
    "city": "",
    "country": "Peru"
  },
  {
    "name": "Agostina Nepote",
    "dupr_id": "0Y99L4",
    "city": "",
    "country": "Argentina"
  },
  {
    "name": "Kym Sze",
    "dupr_id": "1Q9R0D",
    "city": "",
    "country": "Brazil"
  },
  {
    "name": "Raphael Sousa",
    "dupr_id": "YGPEL4",
    "city": "",
    "country": "Brazil"
  },
  {
    "name": "Pickleball Bh",
    "dupr_id": "PK9RJG",
    "city": "",
    "country": "Brazil"
  },
  {
    "name": "Caique Coelho",
    "dupr_id": "V7O5Y7",
    "city": "",
    "country": "Brazil"
  },
  {
    "name": "Paulo Teixeira Jr",
    "dupr_id": "MYKLPO",
    "city": "",
    "country": "Brazil"
  },
  {
    "name": "Diego Velez",
    "dupr_id": "59VW7V",
    "city": "",
    "country": "Ecuador"
  },
  {
    "name": "Federico Staksrud",
    "dupr_id": "W6OYXY",
    "city": "",
    "country": "Argentina"
  },
  {
    "name": "Janet Davidson",
    "dupr_id": "8J7VJO",
    "city": "",
    "country": "Brazil"
  },
  {
    "name": "Josiel Leonardo",
    "dupr_id": "V7P6V6",
    "city": "",
    "country": "Brazil"
  },
  {
    "name": "Francisco De Ass ...",
    "dupr_id": "0Y962G",
    "city": "",
    "country": "Brazil"
  },
  {
    "name": "Faisal Homaidan",
    "dupr_id": "NYOZ0Z",
    "city": "",
    "country": "Brazil"
  },
  {
    "name": "Liza Hilel",
    "dupr_id": "8W4OGY",
    "city": "",
    "country": "Brazil"
  },
  {
    "name": "Altair Vargas Ju ...",
    "dupr_id": "MYOKZL",
    "city": "",
    "country": "Brazil"
  },
  {
    "name": "Lucas Antonio Co ...",
    "dupr_id": "5942DR",
    "city": "",
    "country": "Brazil"
  },
  {
    "name": "Nilcea Assis",
    "dupr_id": "6Z9L20",
    "city": "",
    "country": "Brazil"
  },
  {
    "name": "Maria Isabel Oli ...",
    "dupr_id": "PK90JM",
    "city": "",
    "country": "Brazil"
  },
  {
    "name": "Toninho Coelho",
    "dupr_id": "4LYLLK",
    "city": "",
    "country": "Brazil"
  },
  {
    "name": "Bolivar Portugal",
    "dupr_id": "KOWLKK",
    "city": "",
    "country": "Brazil"
  },
  {
    "name": "Xiongyi Hu",
    "dupr_id": "PKX0JX",
    "city": "",
    "country": "Peru"
  },
  {
    "name": "Sheila Schweck",
    "dupr_id": "W6P7OL",
    "city": "",
    "country": "Brazil"
  },
  {
    "name": "Geraldo Bicalho",
    "dupr_id": "DWGLPX",
    "city": "",
    "country": "Brazil"
  },
  {
    "name": "Igor Portugal",
    "dupr_id": "W6PXMK",
    "city": "",
    "country": "Brazil"
  },
  {
    "name": "Bianca Soledade",
    "dupr_id": "NYOLN2",
    "city": "",
    "country": "Brazil"
  },
  {
    "name": "Luis Martiniano  ...",
    "dupr_id": "XJP9QR",
    "city": "",
    "country": "Brazil"
  },
  {
    "name": "Milton Moraes",
    "dupr_id": "PK99KX",
    "city": "",
    "country": "Brazil"
  },
  {
    "name": "Enrique Catter",
    "dupr_id": "2LNG69",
    "city": "Stamford",
    "country": "Peru"
  },
  {
    "name": "John Lais",
    "dupr_id": "YGP40G",
    "city": "1-503",
    "country": "Brazil"
  },
  {
    "name": "Gilberto Barden",
    "dupr_id": "4LJ7GV",
    "city": "Centro",
    "country": "Brazil"
  },
  {
    "name": "Andres Ivan Silv ...",
    "dupr_id": "EGKNYO",
    "city": "State of Bahia",
    "country": "Brazil"
  },
  {
    "name": "Marco Ribeiro",
    "dupr_id": "DWG0VX",
    "city": "Rua Albertino Barreto",
    "country": "Brazil"
  },
  {
    "name": "Thiago Eugênio",
    "dupr_id": "8WL97G",
    "city": "Minas Gerais",
    "country": "Brazil"
  },
  {
    "name": "Igor Chisté Lage",
    "dupr_id": "NYJ7K7",
    "city": "Rua Santo Inácio de Loiola",
    "country": "Brazil"
  },
  {
    "name": "Leandra Araujo",
    "dupr_id": "V7PYK5",
    "city": "Rua Santo Inácio de Loiola",
    "country": "Brazil"
  },
  {
    "name": "Associacao Brasi ...",
    "dupr_id": "NYOD52",
    "city": "Rua Santo Inácio de Loiola",
    "country": "Brazil"
  },
  {
    "name": "Neida Nominato",
    "dupr_id": "RZNV0Z",
    "city": "Rua Santo Inácio de Loiola",
    "country": "Brazil"
  },
  {
    "name": "Antonio Coelho",
    "dupr_id": "2LNW6R",
    "city": "Rua Santo Inácio de Loiola",
    "country": "Brazil"
  },
  {
    "name": "Adriana De Queiroz",
    "dupr_id": "KORJD7",
    "city": "State of Rio de Janeiro",
    "country": "Brazil"
  },
  {
    "name": "Mauricio Branco",
    "dupr_id": "OD4X5L",
    "city": "État de Rio de Janeiro",
    "country": "Brazil"
  },
  {
    "name": "Marc Morgenroth",
    "dupr_id": "56G4DP",
    "city": "Rio de Janeiro",
    "country": "Brazil"
  },
  {
    "name": "Pickleball Mg",
    "dupr_id": "KO7LVK",
    "city": "Centro",
    "country": "Brazil"
  },
  {
    "name": "Marcelle Sepulveda",
    "dupr_id": "7DGW74",
    "city": "Centro",
    "country": "Brazil"
  },
  {
    "name": "Carla Maywald",
    "dupr_id": "16XN5G",
    "city": "Centro",
    "country": "Brazil"
  },
  {
    "name": "Claudio Gomes",
    "dupr_id": "GG4K5G",
    "city": "Belo Horizonte",
    "country": "Brazil"
  },
  {
    "name": "Helio Junior",
    "dupr_id": "QPGPG4",
    "city": "Centro",
    "country": "Brazil"
  },
  {
    "name": "Simone Jardim",
    "dupr_id": "GGM9NQ",
    "city": "",
    "country": "Brazil"
  },
  {
    "name": "Robson Andrade",
    "dupr_id": "6Z94RK",
    "city": "Jardim America",
    "country": "Brazil"
  },
  {
    "name": "Alexsander Benica",
    "dupr_id": "EGKN0J",
    "city": "",
    "country": "Brazil"
  },
  {
    "name": "Ricardo Fonseca",
    "dupr_id": "QPG4Y0",
    "city": "Praça Pérola Byington",
    "country": "Brazil"
  },
  {
    "name": "Flavio Duarte",
    "dupr_id": "V7OWGE",
    "city": "Goiânia",
    "country": "Brazil"
  },
  {
    "name": "Dilma Moser",
    "dupr_id": "L5OQ76",
    "city": "Rua Indaial",
    "country": "Brazil"
  },
  {
    "name": "Artur Santos",
    "dupr_id": "MYORGD",
    "city": "Curitiba",
    "country": "Brazil"
  },
  {
    "name": "Fabio Kachiwazaki",
    "dupr_id": "GG499V",
    "city": "Rua Saudades",
    "country": "Brazil"
  },
  {
    "name": "Ana Beatriz Salles",
    "dupr_id": "GG4MMV",
    "city": "Rua Saudades",
    "country": "Brazil"
  },
  {
    "name": "Ricardo Lizardo",
    "dupr_id": "GGODPQ",
    "city": "Valencia",
    "country": "Venezuela"
  },
  {
    "name": "Tito  Signor",
    "dupr_id": "YXJJLD",
    "city": "Porto Alegre",
    "country": "Brazil"
  },
  {
    "name": "Mateus Fellippe",
    "dupr_id": "8M4ENO",
    "city": "Seara",
    "country": "Brazil"
  },
  {
    "name": "Thales Da Rosa",
    "dupr_id": "X2J0V7",
    "city": "Nossa Senhora das Dores",
    "country": "Brazil"
  },
  {
    "name": "Alvaro Castro",
    "dupr_id": "NY0ZG2",
    "city": "Manantiales",
    "country": "Uruguay"
  },
  {
    "name": "Florencia Suk",
    "dupr_id": "JZ2NKJ",
    "city": "Buenos Aires",
    "country": "Argentina"
  },
  {
    "name": "Enzo Rameau",
    "dupr_id": "1Q4VKR",
    "city": "Paysandú",
    "country": "Uruguay"
  },
  {
    "name": "Henry Martinez",
    "dupr_id": "4LJL02",
    "city": "Tunja",
    "country": "Colombia"
  },
  {
    "name": "Lino Corral",
    "dupr_id": "4ZLQ22",
    "city": "Bogota",
    "country": "Colombia"
  },
  {
    "name": "Alberto Botero",
    "dupr_id": "XJDDQ5",
    "city": "Bogotá",
    "country": "Colombia"
  },
  {
    "name": "Mitch Ahtye",
    "dupr_id": "V7PP27",
    "city": "Sanger",
    "country": "Colombia"
  },
  {
    "name": "Haka Haka",
    "dupr_id": "V7P77J",
    "city": "Providencia",
    "country": "Chile"
  },
  {
    "name": "Dwayne Savoy",
    "dupr_id": "RZOQJD",
    "city": "Cuenca",
    "country": "Ecuador"
  },
  {
    "name": "Maria Prado",
    "dupr_id": "6Z9W4Q",
    "city": "San Antonio",
    "country": "Peru"
  },
  {
    "name": "Alejandro Tirado",
    "dupr_id": "0YZKPG",
    "city": "Lima",
    "country": "Peru"
  },
  {
    "name": "Joel Sanchez Sil ...",
    "dupr_id": "4LJQL6",
    "city": "Lima",
    "country": "Peru"
  },
  {
    "name": "Felipe Castro",
    "dupr_id": "V7OWX5",
    "city": "Lima",
    "country": "Peru"
  },
  {
    "name": "Juan Carlos Moli ...",
    "dupr_id": "GGMX6M",
    "city": "Lima",
    "country": "Peru"
  },
  {
    "name": "Yanoa Pomalima C ...",
    "dupr_id": "QPD5Q5",
    "city": "Lima",
    "country": "Peru"
  },
  {
    "name": "Omar Antonio Bus ...",
    "dupr_id": "YG46NK",
    "city": "Lima",
    "country": "Peru"
  },
  {
    "name": "Giannina Soberon",
    "dupr_id": "NY5ZY6",
    "city": "Lima",
    "country": "Peru"
  },
  {
    "name": "Manu Bayona",
    "dupr_id": "6Z9WXE",
    "city": "Lima",
    "country": "Peru"
  },
  {
    "name": "Rolando Pomalima ...",
    "dupr_id": "V7PQ07",
    "city": "Lima",
    "country": "Peru"
  },
  {
    "name": "Kerly Mejía",
    "dupr_id": "L5670Z",
    "city": "Lima",
    "country": "Peru"
  },
  {
    "name": "Ricardo Baños",
    "dupr_id": "RZN9GQ",
    "city": "Lima",
    "country": "Peru"
  },
  {
    "name": "Jacqueline Chang",
    "dupr_id": "W6Z77G",
    "city": "Lima",
    "country": "Peru"
  },
  {
    "name": "Mikiko Tasaico",
    "dupr_id": "NY5Q0W",
    "city": "Lima",
    "country": "Peru"
  },
  {
    "name": "Mikiko Tasaico",
    "dupr_id": "NY5Q0W",
    "city": "Lima",
    "country": "Peru"
  },
  {
    "name": "Walter Barron",
    "dupr_id": "V76EV6",
    "city": "San Miguel",
    "country": "Peru"
  },
  {
    "name": "Juan Molina",
    "dupr_id": "KO7Z46",
    "city": "San Miguel",
    "country": "Peru"
  },
  {
    "name": "Joaquin Martin P ...",
    "dupr_id": "0YEZMN",
    "city": "San Miguel",
    "country": "Peru"
  },
  {
    "name": "Jose Rey",
    "dupr_id": "NYJ562",
    "city": "San Miguel",
    "country": "Peru"
  }
]