[
  {
    "name": "Steve Dwyer",
    "dupr_id": "JJXX9W",
    "city": "Cork",
    "country": "Ireland"
  },
  {
    "name": "Paul Collins",
    "dupr_id": "2L2V4Y",
    "city": "Cork",
    "country": "Ireland"
  },
  {
    "name": "Leonie Power",
    "dupr_id": "QPVV7R",
    "city": "Cork",
    "country": "Ireland"
  },
  {
    "name": "Grace Power",
    "dupr_id": "59ZR2R",
    "city": "Cork",
    "country": "Ireland"
  },
  {
    "name": "Eric Power",
    "dupr_id": "RZ9KEN",
    "city": "Cork",
    "country": "Ireland"
  },
  {
    "name": "Laura Humphreys",
    "dupr_id": "YGQD5G",
    "city": "Cork",
    "country": "Ireland"
  },
  {
    "name": "Laura Humphreys",
    "dupr_id": "YGQD5G",
    "city": "Cork",
    "country": "Ireland"
  },
  {
    "name": "Aoife Counihan",
    "dupr_id": "4L5GNG",
    "city": "Cork",
    "country": "Ireland"
  },
  {
    "name": "Siobhan Twomey",
    "dupr_id": "EGYNVM",
    "city": "Cork",
    "country": "Ireland"
  },
  {
    "name": "Stephen Russell",
    "dupr_id": "9PV62V",
    "city": "Cork",
    "country": "Ireland"
  },
  {
    "name": "Jen Hourigan",
    "dupr_id": "4LMMEG",
    "city": "Cork",
    "country": "Ireland"
  },
  {
    "name": "Jiri Zeman",
    "dupr_id": "0YMDPQ",
    "city": "Cork",
    "country": "Ireland"
  },
  {
    "name": "Philip Clifford",
    "dupr_id": "XJM7X2",
    "city": "Cork",
    "country": "Ireland"
  },
  {
    "name": "Thomas Carr",
    "dupr_id": "0QWW42",
    "city": "Cork",
    "country": "Ireland"
  },
  {
    "name": "Veronika Schiftner",
    "dupr_id": "YXJGGD",
    "city": "Cork",
    "country": "Ireland"
  },
  {
    "name": "Martin Petty",
    "dupr_id": "YGQL9K",
    "city": "Cork",
    "country": "Ireland"
  },
  {
    "name": "Triona Petty",
    "dupr_id": "ZNXOYM",
    "city": "Cork",
    "country": "Ireland"
  },
  {
    "name": "Dinny Deady",
    "dupr_id": "W6QWRQ",
    "city": "Cork",
    "country": "Ireland"
  },
  {
    "name": "Linjong Fogarty",
    "dupr_id": "JZ9NE4",
    "city": "Cork",
    "country": "Ireland"
  },
  {
    "name": "Brayden Peck",
    "dupr_id": "XKKG5X",
    "city": "Cork",
    "country": "Ireland"
  },
  {
    "name": "Adrian Thorne",
    "dupr_id": "KOVO96",
    "city": "Cork",
    "country": "Ireland"
  },
  {
    "name": "Una O Callaghan",
    "dupr_id": "O6PDPL",
    "city": "Cork",
    "country": "Ireland"
  },
  {
    "name": "Judy Dwyer",
    "dupr_id": "DWMPK4",
    "city": "Cork",
    "country": "Ireland"
  },
  {
    "name": "Warren James",
    "dupr_id": "O6PD6L",
    "city": "Cork",
    "country": "Ireland"
  },
  {
    "name": "Micheal Roche",
    "dupr_id": "JZ09PO",
    "city": "Cork",
    "country": "Ireland"
  },
  {
    "name": "Anne Odriscoll",
    "dupr_id": "MYQGQG",
    "city": "Cork",
    "country": "Ireland"
  },
  {
    "name": "Diane Peters",
    "dupr_id": "JZNWRD",
    "city": "Cork",
    "country": "Ireland"
  },
  {
    "name": "Peter Hill",
    "dupr_id": "V7EX07",
    "city": "Cork",
    "country": "Ireland"
  },
  {
    "name": "Yvonne Maher",
    "dupr_id": "GGQGQQ",
    "city": "Cork",
    "country": "Ireland"
  },
  {
    "name": "Andrea Odriscoll",
    "dupr_id": "9PZEYK",
    "city": "Cork",
    "country": "Ireland"
  },
  {
    "name": "Emma Neill",
    "dupr_id": "RZ7P9N",
    "city": "Cork",
    "country": "Ireland"
  },
  {
    "name": "Mary Cashman",
    "dupr_id": "PKQQ6M",
    "city": "Cork",
    "country": "Ireland"
  },
  {
    "name": "Grainne Coakley",
    "dupr_id": "0YJ2M4",
    "city": "Cork",
    "country": "Ireland"
  },
  {
    "name": "Áine Mccarthy",
    "dupr_id": "QPVQ04",
    "city": "Cork",
    "country": "Ireland"
  },
  {
    "name": "Fiona Mcmenamin",
    "dupr_id": "7D0XP9",
    "city": "Cork",
    "country": "Ireland"
  },
  {
    "name": "Samantha Scriven",
    "dupr_id": "XJPM94",
    "city": "Cork",
    "country": "Ireland"
  },
  {
    "name": "Suzanne Mahendran",
    "dupr_id": "67QQ00",
    "city": "Cork",
    "country": "Ireland"
  },
  {
    "name": "Antoinette Cooney",
    "dupr_id": "JZ6NKM",
    "city": "Cork",
    "country": "Ireland"
  },
  {
    "name": "Margaret Owens",
    "dupr_id": "0YJW54",
    "city": "Cork",
    "country": "Ireland"
  },
  {
    "name": "Rachel Doonan",
    "dupr_id": "V7EZP6",
    "city": "Cork",
    "country": "Ireland"
  },
  {
    "name": "Todd Underhill",
    "dupr_id": "ODYX6W",
    "city": "Cork",
    "country": "Ireland"
  },
  {
    "name": "Zita Mccarthy",
    "dupr_id": "2QVLZ9",
    "city": "Cork",
    "country": "Ireland"
  },
  {
    "name": "Linda Drummond",
    "dupr_id": "MYVWPL",
    "city": "Cork",
    "country": "Ireland"
  },
  {
    "name": "Sarah Coleman",
    "dupr_id": "ODQ0L7",
    "city": "Cork",
    "country": "Ireland"
  },
  {
    "name": "Eileen Murphy",
    "dupr_id": "0Y64O2",
    "city": "Cork",
    "country": "Ireland"
  },
  {
    "name": "Carmel Desmond",
    "dupr_id": "7DPE24",
    "city": "Cork",
    "country": "Ireland"
  },
  {
    "name": "Aisling O’sull ...",
    "dupr_id": "OD72RW",
    "city": "Cork",
    "country": "Ireland"
  },
  {
    "name": "Paul Aherne",
    "dupr_id": "MYVGRV",
    "city": "Cork",
    "country": "Ireland"
  },
  {
    "name": "Miriam Ó Shea",
    "dupr_id": "DWRRRM",
    "city": "Cork",
    "country": "Ireland"
  },
  {
    "name": "Daire Harrington",
    "dupr_id": "L5Q9KQ",
    "city": "Cork",
    "country": "Ireland"
  },
  {
    "name": "Gary Gibbons",
    "dupr_id": "KOQZG7",
    "city": "Cork",
    "country": "Ireland"
  },
  {
    "name": "Marina Limberis",
    "dupr_id": "Z9N4YM",
    "city": "Cork",
    "country": "Ireland"
  },
  {
    "name": "Wendy Oke",
    "dupr_id": "JZDZYJ",
    "city": "Cork",
    "country": "Ireland"
  },
  {
    "name": "Caroline Healy",
    "dupr_id": "59XM2P",
    "city": "Cork",
    "country": "Ireland"
  },
  {
    "name": "Orla Clifford",
    "dupr_id": "76OOZN",
    "city": "Cork",
    "country": "Ireland"
  },
  {
    "name": "Patrick Drumm",
    "dupr_id": "4Z77EG",
    "city": "Cork",
    "country": "Ireland"
  },
  {
    "name": "Kim Bui",
    "dupr_id": "7NKGJ9",
    "city": "Galway",
    "country": "Ireland"
  },
  {
    "name": "Mary Keane",
    "dupr_id": "7DG524",
    "city": "Galway",
    "country": "Ireland"
  },
  {
    "name": "Gillian Dunne",
    "dupr_id": "ZN2OLL",
    "city": "Galway",
    "country": "Ireland"
  },
  {
    "name": "Angela Ciuche",
    "dupr_id": "PKOYVE",
    "city": "Galway",
    "country": "Ireland"
  },
  {
    "name": "Siobhan Forde",
    "dupr_id": "DNLLO6",
    "city": "Galway",
    "country": "Ireland"
  },
  {
    "name": "Fiona Lenaghan",
    "dupr_id": "EGDJYO",
    "city": "Galway",
    "country": "Ireland"
  },
  {
    "name": "Ronnie Wise",
    "dupr_id": "ZNXKVQ",
    "city": "Galway",
    "country": "Ireland"
  },
  {
    "name": "Ciaran Cannon",
    "dupr_id": "YGVZ6G",
    "city": "Galway",
    "country": "Ireland"
  },
  {
    "name": "Yvonne Hoary",
    "dupr_id": "RZVXKN",
    "city": "Galway",
    "country": "Ireland"
  },
  {
    "name": "Ruth Condra",
    "dupr_id": "7DG909",
    "city": "Galway",
    "country": "Ireland"
  },
  {
    "name": "Maureen Obeirne",
    "dupr_id": "W6PLEM",
    "city": "Galway",
    "country": "Ireland"
  },
  {
    "name": "Edmond Morkan",
    "dupr_id": "L5OY9Z",
    "city": "Galway",
    "country": "Ireland"
  },
  {
    "name": "Cliff Jennings",
    "dupr_id": "V7MR4J",
    "city": "Galway",
    "country": "Ireland"
  },
  {
    "name": "Noel Murphy",
    "dupr_id": "KX445Y",
    "city": "Galway",
    "country": "Ireland"
  },
  {
    "name": "Maria Beattie",
    "dupr_id": "7DGWE9",
    "city": "Galway",
    "country": "Ireland"
  },
  {
    "name": "Aideen Smith",
    "dupr_id": "ZNEERP",
    "city": "Galway",
    "country": "Ireland"
  },
  {
    "name": "Elaine Wilbur",
    "dupr_id": "JZ2WPW",
    "city": "Galway",
    "country": "Ireland"
  },
  {
    "name": "Meabh Nimaolalaidh",
    "dupr_id": "9PWK9R",
    "city": "Galway",
    "country": "Ireland"
  },
  {
    "name": "Teo Ciuche",
    "dupr_id": "EGE0LO",
    "city": "Galway",
    "country": "Ireland"
  },
  {
    "name": "Ruth Condra",
    "dupr_id": "EGN7DO",
    "city": "Galway",
    "country": "Ireland"
  },
  {
    "name": "Mary Helly",
    "dupr_id": "OD4XME",
    "city": "Galway",
    "country": "Ireland"
  },
  {
    "name": "Mary Helly",
    "dupr_id": "PK9MYG",
    "city": "Galway",
    "country": "Ireland"
  },
  {
    "name": "Niamh Lawless",
    "dupr_id": "PK9Y9Z",
    "city": "Galway",
    "country": "Ireland"
  },
  {
    "name": "Orla Corcoran",
    "dupr_id": "YGPW0E",
    "city": "Galway",
    "country": "Ireland"
  },
  {
    "name": "Aaron Tan",
    "dupr_id": "L5OMNK",
    "city": "Galway",
    "country": "Ireland"
  },
  {
    "name": "Hannah Mcinerney",
    "dupr_id": "DWGW96",
    "city": "Galway",
    "country": "Ireland"
  },
  {
    "name": "Georgina Kelly",
    "dupr_id": "W6P9MK",
    "city": "Galway",
    "country": "Ireland"
  },
  {
    "name": "Tony Hughes",
    "dupr_id": "ODGY4W",
    "city": "Cork",
    "country": "Ireland"
  },
  {
    "name": "Wayne Fitzpatrick",
    "dupr_id": "MYMMWP",
    "city": "Cork",
    "country": "Ireland"
  },
  {
    "name": "Frank Kirrane",
    "dupr_id": "JZ2N2M",
    "city": "Galway",
    "country": "Ireland"
  },
  {
    "name": "Mary Cheshire",
    "dupr_id": "JZDGKD",
    "city": "Galway",
    "country": "Ireland"
  },
  {
    "name": "Marie Kerrigan",
    "dupr_id": "JJZ4VW",
    "city": "Galway",
    "country": "Ireland"
  },
  {
    "name": "Patrick Mccrann",
    "dupr_id": "G5NN7M",
    "city": "Kinsale",
    "country": "Ireland"
  },
  {
    "name": "Evelyn Price",
    "dupr_id": "RZ7P5N",
    "city": "Kinsale",
    "country": "Ireland"
  },
  {
    "name": "Alex O’driscoll",
    "dupr_id": "DWRKLL",
    "city": "Cork",
    "country": "Ireland"
  },
  {
    "name": "Wesley Corkery",
    "dupr_id": "6Z0QVE",
    "city": "Kilbrin",
    "country": "Ireland"
  },
  {
    "name": "Brendan Barrett",
    "dupr_id": "W6QYML",
    "city": "Kilbrin",
    "country": "Ireland"
  },
  {
    "name": "John Corkery",
    "dupr_id": "GGZN5X",
    "city": "Kilbrin",
    "country": "Ireland"
  },
  {
    "name": "Neil Cronin",
    "dupr_id": "JJXX5M",
    "city": "Kilbrin",
    "country": "Ireland"
  },
  {
    "name": "Wesley Corkery",
    "dupr_id": "6Z0QVE",
    "city": "Kilbrin",
    "country": "Ireland"
  },
  {
    "name": "Claire Greene",
    "dupr_id": "XJZ7L7",
    "city": "Kilbrin",
    "country": "Ireland"
  },
  {
    "name": "Jordan Corkery",
    "dupr_id": "7DPDRN",
    "city": "Kilbrin",
    "country": "Ireland"
  },
  {
    "name": "Joe Kelleher",
    "dupr_id": "V7ER6P",
    "city": "Crookstown",
    "country": "Ireland"
  },
  {
    "name": "Pedro Orejas",
    "dupr_id": "0QYPK4",
    "city": "Oviedo",
    "country": "Spain"
  },
  {
    "name": "Sabina Cox",
    "dupr_id": "PK96WM",
    "city": "Louisburgh",
    "country": "Ireland"
  },
  {
    "name": "Mairead Staunton",
    "dupr_id": "GG66OG",
    "city": "Louisburgh",
    "country": "Ireland"
  },
  {
    "name": "Harry Jones",
    "dupr_id": "KOP6RY",
    "city": "Athea",
    "country": "Ireland"
  },
  {
    "name": "Antonio Lopez",
    "dupr_id": "9PKLW7",
    "city": "Talavera de la Reina",
    "country": "Spain"
  },
  {
    "name": "Kadie Colbert",
    "dupr_id": "V7MRV6",
    "city": "Abbeyfeale",
    "country": "Ireland"
  },
  {
    "name": "Maurice Colbert",
    "dupr_id": "7DYJY4",
    "city": "Abbeyfeale",
    "country": "Ireland"
  },
  {
    "name": "Noreen Queally",
    "dupr_id": "PK9EVE",
    "city": "Red Cottages",
    "country": "Ireland"
  },
  {
    "name": "Aisling Hickey",
    "dupr_id": "JZQVYW",
    "city": "County Kerry",
    "country": "Ireland"
  },
  {
    "name": "Marie Moriarty",
    "dupr_id": "YGPRKD",
    "city": "Church Street",
    "country": "Ireland"
  },
  {
    "name": "Shane Byrne",
    "dupr_id": "W62O6G",
    "city": "Church Street",
    "country": "Ireland"
  },
  {
    "name": "Breda Lyons",
    "dupr_id": "YGV7KG",
    "city": "County Kerry",
    "country": "Ireland"
  },
  {
    "name": "Una Moroney",
    "dupr_id": "PWVKVE",
    "city": "Gortnacurra",
    "country": "Ireland"
  },
  {
    "name": "Kathryn Mcmahon",
    "dupr_id": "ZN20KM",
    "city": "Clounafineela",
    "country": "Ireland"
  },
  {
    "name": "Jeremy Foley",
    "dupr_id": "QPKRXN",
    "city": "Killarney",
    "country": "Ireland"
  },
  {
    "name": "Ruth Connolly",
    "dupr_id": "6Z9450",
    "city": "Goulane",
    "country": "Ireland"
  },
  {
    "name": "Lee Collins",
    "dupr_id": "L564RK",
    "city": "County Kerry",
    "country": "Ireland"
  },
  {
    "name": "Joan O Connor",
    "dupr_id": "0YEZNN",
    "city": "Tralee",
    "country": "Ireland"
  },
  {
    "name": "Kerryann Daly",
    "dupr_id": "7DGMW4",
    "city": "Tralee",
    "country": "Ireland"
  },
  {
    "name": "Jeff Aquilante",
    "dupr_id": "ZN2DXQ",
    "city": "Tralee",
    "country": "Ireland"
  },
  {
    "name": "Jeff Aquilante",
    "dupr_id": "594ELL",
    "city": "Tralee",
    "country": "Ireland"
  },
  {
    "name": "Steve Renardson",
    "dupr_id": "RZNPJD",
    "city": "County Kerry",
    "country": "Ireland"
  },
  {
    "name": "Joan O Connor",
    "dupr_id": "RYL7LZ",
    "city": "Tralee",
    "country": "Ireland"
  },
  {
    "name": "Kathleen Simmons",
    "dupr_id": "EGNVJW",
    "city": "Tralee",
    "country": "Ireland"
  },
  {
    "name": "Breda Quirke",
    "dupr_id": "XJDE62",
    "city": "Tralee",
    "country": "Ireland"
  },
  {
    "name": "Breda Quirke",
    "dupr_id": "ZNE6JD",
    "city": "Tralee",
    "country": "Ireland"
  },
  {
    "name": "Martin Quirke",
    "dupr_id": "NYJP46",
    "city": "Tralee",
    "country": "Ireland"
  },
  {
    "name": "Jamie Osullivan",
    "dupr_id": "7DYD09",
    "city": "County Kerry",
    "country": "Ireland"
  },
  {
    "name": "Ayshe Djemal",
    "dupr_id": "MYORJL",
    "city": "Tralee",
    "country": "Ireland"
  },
  {
    "name": "Breda Mc Crohan",
    "dupr_id": "EGQGOM",
    "city": "Tralee",
    "country": "Ireland"
  },
  {
    "name": "Caroline Ni Chuill",
    "dupr_id": "L5XYK5",
    "city": "County Kerry",
    "country": "Ireland"
  },
  {
    "name": "Darren Healy",
    "dupr_id": "EGQXQM",
    "city": "Tralee",
    "country": "Ireland"
  },
  {
    "name": "Joanne Connolly",
    "dupr_id": "MY7O4D",
    "city": "Tralee",
    "country": "Ireland"
  },
  {
    "name": "Ronan Grace",
    "dupr_id": "56PP4P",
    "city": "Tralee",
    "country": "Ireland"
  },
  {
    "name": "Mairead Brosnan",
    "dupr_id": "L5QKJJ",
    "city": "Tralee",
    "country": "Ireland"
  },
  {
    "name": "Michael Genster",
    "dupr_id": "ZNXMXL",
    "city": "Tralee",
    "country": "Ireland"
  },
  {
    "name": "Liz Nicholson",
    "dupr_id": "ODOOLE",
    "city": "Tralee",
    "country": "Ireland"
  },
  {
    "name": "Anne Rice",
    "dupr_id": "RZOVEZ",
    "city": "Tralee",
    "country": "Ireland"
  },
  {
    "name": "Travis Slattery",
    "dupr_id": "XJ4J05",
    "city": "Tralee",
    "country": "Ireland"
  },
  {
    "name": "Alan Cunningham",
    "dupr_id": "6ZEEDD",
    "city": "Tralee",
    "country": "Ireland"
  },
  {
    "name": "Grainne Martin",
    "dupr_id": "594PDL",
    "city": "Tralee",
    "country": "Ireland"
  },
  {
    "name": "Oscar Campo",
    "dupr_id": "PK9EGQ",
    "city": "Santa Marta de Tormes",
    "country": "Spain"
  },
  {
    "name": "Jose Luis Revilla ",
    "dupr_id": "DWG5ZM",
    "city": "Santa Marta de Tormes",
    "country": "Spain"
  },
  {
    "name": "Tomy Mira Tenés",
    "dupr_id": "59O995",
    "city": "Santa Marta de Tormes",
    "country": "Spain"
  },
  {
    "name": "Ángel Trigo",
    "dupr_id": "XJD4GR",
    "city": "Salamanca",
    "country": "Spain"
  },
  {
    "name": "Gabriel Durante",
    "dupr_id": "0Y9604",
    "city": "Salamanca",
    "country": "Spain"
  },
  {
    "name": "Alberto López R ...",
    "dupr_id": "PKOOXM",
    "city": "Salamanca",
    "country": "Spain"
  },
  {
    "name": "Roberto Carlos G ...",
    "dupr_id": "594J5V",
    "city": "Salamanca",
    "country": "Spain"
  },
  {
    "name": "David Hernández ...",
    "dupr_id": "0Y9MR2",
    "city": "Salamanca",
    "country": "Spain"
  },
  {
    "name": "Alba Revilla",
    "dupr_id": "9PKKNE",
    "city": "Salamanca",
    "country": "Spain"
  },
  {
    "name": "José Luis Revilla",
    "dupr_id": "V7P65E",
    "city": "Salamanca",
    "country": "Spain"
  },
  {
    "name": "Mariano Chillon  ...",
    "dupr_id": "YGPRYD",
    "city": "Salamanca",
    "country": "Spain"
  },
  {
    "name": "Elisa Gómez Gil",
    "dupr_id": "0Y94X2",
    "city": "Salamanca",
    "country": "Spain"
  },
  {
    "name": "Maria Rodríguez ...",
    "dupr_id": "4LJ9KV",
    "city": "Salamanca",
    "country": "Spain"
  },
  {
    "name": "Mariana Romero K ...",
    "dupr_id": "DWG0EM",
    "city": "Rincón de la Victoria",
    "country": "Spain"
  },
  {
    "name": "Antonio Casquero",
    "dupr_id": "8GOLMQ",
    "city": "Rincón de la Victoria",
    "country": "Spain"
  },
  {
    "name": "Víctor Báez",
    "dupr_id": "NYDLQ7",
    "city": "Rincón de la Victoria",
    "country": "Spain"
  },
  {
    "name": "Julián Palomo",
    "dupr_id": "KO7ZD7",
    "city": "Rincón de la Victoria",
    "country": "Spain"
  },
  {
    "name": "Tom Mccarthy",
    "dupr_id": "XJ4G77",
    "city": "Castlegregory",
    "country": "Ireland"
  },
  {
    "name": "John Joe O Connor",
    "dupr_id": "QPG9NR",
    "city": "Castlegregory",
    "country": "Ireland"
  },
  {
    "name": "June Puddefoot",
    "dupr_id": "6Z96RD",
    "city": "Castlegregory",
    "country": "Ireland"
  },
  {
    "name": "Patricia Mowbray",
    "dupr_id": "6Z9J2D",
    "city": "Málaga",
    "country": "Spain"
  },
  {
    "name": "Jose Rondon Lobato",
    "dupr_id": "W6PZ2L",
    "city": "Málaga",
    "country": "Spain"
  },
  {
    "name": "Juan Manuel Aido",
    "dupr_id": "GGOYQD",
    "city": "Málaga",
    "country": "Spain"
  },
  {
    "name": "Augusto Barrena  ...",
    "dupr_id": "4LD622",
    "city": "Málaga",
    "country": "Spain"
  },
  {
    "name": "Juan Alba",
    "dupr_id": "V7P6W6",
    "city": "Málaga",
    "country": "Spain"
  },
  {
    "name": "Javier Garrido",
    "dupr_id": "EGOMZJ",
    "city": "Málaga",
    "country": "Spain"
  },
  {
    "name": "Francisco Ramirez",
    "dupr_id": "DW6R0M",
    "city": "Málaga",
    "country": "Spain"
  },
  {
    "name": "Nacho Garrido",
    "dupr_id": "7DGGX0",
    "city": "Málaga",
    "country": "Spain"
  },
  {
    "name": "Jesus Oliver De  ...",
    "dupr_id": "59452R",
    "city": "Málaga",
    "country": "Spain"
  },
  {
    "name": "Patricia García",
    "dupr_id": "594KZ5",
    "city": "Málaga",
    "country": "Spain"
  },
  {
    "name": "Manuel Moyano Ro ...",
    "dupr_id": "594GGP",
    "city": "Málaga",
    "country": "Spain"
  },
  {
    "name": "José Luis Paule ...",
    "dupr_id": "2L6PO7",
    "city": "Málaga",
    "country": "Spain"
  },
  {
    "name": "Francisco Moreno",
    "dupr_id": "QPOVR4",
    "city": "Málaga",
    "country": "Spain"
  },
  {
    "name": "Costantino Barros",
    "dupr_id": "W62RXQ",
    "city": "Málaga",
    "country": "Spain"
  },
  {
    "name": "Guillermo Morent ...",
    "dupr_id": "NY62J7",
    "city": "Málaga",
    "country": "Spain"
  },
  {
    "name": "Cris Gómez",
    "dupr_id": "YGZRXK",
    "city": "Málaga",
    "country": "Spain"
  },
  {
    "name": "Pedro Luis Sánc ...",
    "dupr_id": "O6PPJP",
    "city": "Málaga",
    "country": "Spain"
  },
  {
    "name": "Alvaro Mora",
    "dupr_id": "8KV0YK",
    "city": "Málaga",
    "country": "Spain"
  },
  {
    "name": "Celia Millon Soto",
    "dupr_id": "7D7EP4",
    "city": "Málaga",
    "country": "Spain"
  },
  {
    "name": "Alexander Serrano",
    "dupr_id": "RY270D",
    "city": "Málaga",
    "country": "Spain"
  },
  {
    "name": "Maria Pintor",
    "dupr_id": "QXJ57R",
    "city": "Málaga",
    "country": "Spain"
  },
  {
    "name": "Javier Tirado Go ...",
    "dupr_id": "G5NV7Q",
    "city": "Málaga",
    "country": "Spain"
  },
  {
    "name": "Aideen Mcconville",
    "dupr_id": "ZNPJKL",
    "city": "County Kerry",
    "country": "Ireland"
  },
  {
    "name": "Jaime Carrasco R ...",
    "dupr_id": "M2G5LG",
    "city": "La Carlota",
    "country": "Spain"
  },
  {
    "name": "Mikael Feldt",
    "dupr_id": "L5EMMK",
    "city": "Mijas",
    "country": "Spain"
  },
  {
    "name": "Sergio Prieto He ...",
    "dupr_id": "7DGYJ0",
    "city": "Fuengirola",
    "country": "Spain"
  },
  {
    "name": "Yvonne Wilson",
    "dupr_id": "EGE92O",
    "city": "Fuengirola",
    "country": "Spain"
  },
  {
    "name": "Carmen Pérez De ...",
    "dupr_id": "59VDVL",
    "city": "Fuengirola",
    "country": "Spain"
  },
  {
    "name": "Almudena Moreno",
    "dupr_id": "KOW7Z6",
    "city": "Fuengirola",
    "country": "Spain"
  },
  {
    "name": "Encarnación Mar ...",
    "dupr_id": "2LNGN9",
    "city": "Fuengirola",
    "country": "Spain"
  },
  {
    "name": "Maria Del Carmen ...",
    "dupr_id": "GGMYOG",
    "city": "Fuengirola",
    "country": "Spain"
  },
  {
    "name": "Bruce Wilson",
    "dupr_id": "9PK6DJ",
    "city": "Fuengirola",
    "country": "Spain"
  },
  {
    "name": "Silvina Costantino",
    "dupr_id": "XJLMWR",
    "city": "Fuengirola",
    "country": "Spain"
  },
  {
    "name": "Gabriela Costantino",
    "dupr_id": "YG2Y0D",
    "city": "Fuengirola",
    "country": "Spain"
  },
  {
    "name": "Maura Galvin",
    "dupr_id": "ODOOQ2",
    "city": "Ballyferriter",
    "country": "Ireland"
  },
  {
    "name": "Javierma Matas",
    "dupr_id": "KO7DRO",
    "city": "Écija",
    "country": "Spain"
  },
  {
    "name": "Miguel Montaño",
    "dupr_id": "W6POQK",
    "city": "Écija",
    "country": "Spain"
  },
  {
    "name": "Jonatan Söderst ...",
    "dupr_id": "4LJQYV",
    "city": "Marbella",
    "country": "Spain"
  },
  {
    "name": "Rafael Sarrion M ...",
    "dupr_id": "8GOJGV",
    "city": "Lora del Río",
    "country": "Spain"
  },
  {
    "name": "Antonio Rodrigue ...",
    "dupr_id": "ZNEG2P",
    "city": "Carmona",
    "country": "Spain"
  },
  {
    "name": "Erin Hartz",
    "dupr_id": "9PK57K",
    "city": "Alcorrín",
    "country": "Spain"
  },
  {
    "name": "Rafael Franco Mena",
    "dupr_id": "JZE62O",
    "city": "Guadiaro",
    "country": "Spain"
  },
  {
    "name": "Curro Colón Pue ...",
    "dupr_id": "V7OQJ7",
    "city": "La Línea de la Concepción",
    "country": "Spain"
  },
  {
    "name": "Damian Rocca",
    "dupr_id": "L5ONMJ",
    "city": "Gibraltar",
    "country": "Gibraltar"
  },
  {
    "name": "Paul Collado",
    "dupr_id": "RZN67N",
    "city": "Gibraltar",
    "country": "Gibraltar"
  },
  {
    "name": "Paul Santos",
    "dupr_id": "M27E5V",
    "city": "Gibraltar",
    "country": "Gibraltar"
  },
  {
    "name": "Paul Coelho",
    "dupr_id": "0Y0MYG",
    "city": "Gibraltar",
    "country": "Gibraltar"
  },
  {
    "name": "Julian Berllaque",
    "dupr_id": "XJ9NDX",
    "city": "Gibraltar",
    "country": "Gibraltar"
  },
  {
    "name": "Clive Crisp",
    "dupr_id": "XJDQK5",
    "city": "Gibraltar",
    "country": "Gibraltar"
  },
  {
    "name": "Stefan Borge",
    "dupr_id": "OD45X7",
    "city": "Gibraltar",
    "country": "Gibraltar"
  },
  {
    "name": "Ana Belen Nieto",
    "dupr_id": "NYOJJ6",
    "city": "Castillo de Castellar",
    "country": "Spain"
  },
  {
    "name": "Julián Jiménez",
    "dupr_id": "7DGKN5",
    "city": "Dos Hermanas",
    "country": "Spain"
  },
  {
    "name": "Ruben Perez Marin",
    "dupr_id": "99OLPR",
    "city": "Sevilla",
    "country": "Spain"
  },
  {
    "name": "Francisco Javier ...",
    "dupr_id": "17LGN5",
    "city": "Sevilla",
    "country": "Spain"
  },
  {
    "name": "Antonio Cáceres",
    "dupr_id": "RZOVND",
    "city": "Sevilla",
    "country": "Spain"
  },
  {
    "name": "Sergi Tejada Leon",
    "dupr_id": "2L62ZE",
    "city": "Sevilla",
    "country": "Spain"
  },
  {
    "name": "Noemi Mesejo Per ...",
    "dupr_id": "NYJW0N",
    "city": "Sevilla",
    "country": "Spain"
  },
  {
    "name": "Mario García",
    "dupr_id": "V7PRVE",
    "city": "Seville",
    "country": "Spain"
  },
  {
    "name": "Enrique Castro P ...",
    "dupr_id": "QPO0G0",
    "city": "Seville",
    "country": "Spain"
  },
  {
    "name": "Ivan Romero Maya",
    "dupr_id": "7DG6VN",
    "city": "Seville",
    "country": "Spain"
  },
  {
    "name": "Matas Ramos",
    "dupr_id": "XJPLV5",
    "city": "Seville",
    "country": "Spain"
  },
  {
    "name": "Chus Otero",
    "dupr_id": "4LDXNK",
    "city": "Seville",
    "country": "Spain"
  },
  {
    "name": "Miguel Montaño",
    "dupr_id": "MYKOWP",
    "city": "Seville",
    "country": "Spain"
  },
  {
    "name": "Alejandro Vidal",
    "dupr_id": "6ZEE00",
    "city": "Seville",
    "country": "Spain"
  },
  {
    "name": "Emilio Gurruchaga",
    "dupr_id": "XJD7L4",
    "city": "Seville",
    "country": "Spain"
  },
  {
    "name": "Pedro De La Viñ ...",
    "dupr_id": "9PW7DR",
    "city": "Seville",
    "country": "Spain"
  },
  {
    "name": "Lucia Merello",
    "dupr_id": "EGN45J",
    "city": "Seville",
    "country": "Spain"
  },
  {
    "name": "Eva Matas",
    "dupr_id": "4LDW56",
    "city": "Seville",
    "country": "Spain"
  },
  {
    "name": "Carlos Parejo",
    "dupr_id": "6ZEVEG",
    "city": "Seville",
    "country": "Spain"
  },
  {
    "name": "Martin Luque Rod ...",
    "dupr_id": "KO7N67",
    "city": "Seville",
    "country": "Spain"
  },
  {
    "name": "Antonio Cano Luis",
    "dupr_id": "QPODGN",
    "city": "Seville",
    "country": "Spain"
  },
  {
    "name": "Ortiz Calderon",
    "dupr_id": "594KQL",
    "city": "Seville",
    "country": "Spain"
  },
  {
    "name": "Javier Otero",
    "dupr_id": "3XLLG4",
    "city": "Sevilla",
    "country": "Spain"
  },
  {
    "name": "Juan Luis Marina ...",
    "dupr_id": "DWGDLY",
    "city": "Sevilla",
    "country": "Spain"
  },
  {
    "name": "Carlos Gamiz",
    "dupr_id": "2LNONY",
    "city": "Tomares",
    "country": "Spain"
  },
  {
    "name": "Alejandro Gonzal ...",
    "dupr_id": "V7OON5",
    "city": "Mairena del Aljarafe",
    "country": "Spain"
  },
  {
    "name": "Rubén Mateo Sá ...",
    "dupr_id": "MYKWVG",
    "city": "Mairena del Aljarafe",
    "country": "Spain"
  },
  {
    "name": "Rafael Ortega Ap ...",
    "dupr_id": "W6PDOG",
    "city": "Medina-Sidonia",
    "country": "Spain"
  },
  {
    "name": "Ronnie Mckee",
    "dupr_id": "89XNMJ",
    "city": "Jerez de la Frontera",
    "country": "Spain"
  },
  {
    "name": "Lidia Ruiz",
    "dupr_id": "3PJ92X",
    "city": "Jerez de la Frontera",
    "country": "Spain"
  },
  {
    "name": "Marta Tovar",
    "dupr_id": "EGN62M",
    "city": "Jerez de la Frontera",
    "country": "Spain"
  },
  {
    "name": "Garazi Rodrígue ...",
    "dupr_id": "4LDM56",
    "city": "Chiclana de la Frontera",
    "country": "Spain"
  },
  {
    "name": "Enrique Kruck",
    "dupr_id": "7D7X2N",
    "city": "Chiclana de la Frontera",
    "country": "Spain"
  },
  {
    "name": "Gustavo A. Alonso",
    "dupr_id": "MYKGXV",
    "city": "Andalucía",
    "country": "Spain"
  },
  {
    "name": "Ismael Chacon Mo ...",
    "dupr_id": "2L6QW7",
    "city": "Chiclana de la Frontera",
    "country": "Spain"
  },
  {
    "name": "Manuel Vicario S ...",
    "dupr_id": "OD400W",
    "city": "Chiclana de la Frontera",
    "country": "Spain"
  },
  {
    "name": "Ismael Chacon To ...",
    "dupr_id": "DWGNVM",
    "city": "Chiclana de la Frontera",
    "country": "Spain"
  },
  {
    "name": "Ignacio J Rodrí ...",
    "dupr_id": "JZEJMW",
    "city": "Chiclana de la Frontera",
    "country": "Spain"
  },
  {
    "name": "Jose Manuel Vica ...",
    "dupr_id": "EGNXOW",
    "city": "Chiclana de la Frontera",
    "country": "Spain"
  },
  {
    "name": "Ana Aragón",
    "dupr_id": "4LDJJ6",
    "city": "Chiclana de la Frontera",
    "country": "Spain"
  },
  {
    "name": "Hugo Flores",
    "dupr_id": "OD46DW",
    "city": "El Puerto de Santa María",
    "country": "Spain"
  },
  {
    "name": "Fernando Iriart  ...",
    "dupr_id": "0Y96P2",
    "city": "El Puerto de Santa María",
    "country": "Spain"
  },
  {
    "name": "Jorge Arnaiz",
    "dupr_id": "594Y0V",
    "city": "San Fernando",
    "country": "Spain"
  },
  {
    "name": "Ana Maria Rodriguez",
    "dupr_id": "162W0K",
    "city": "Cádiz",
    "country": "Spain"
  },
  {
    "name": "María Luisa Mat ...",
    "dupr_id": "DWG0OX",
    "city": "Cádiz",
    "country": "Spain"
  },
  {
    "name": "Maribel Gómez",
    "dupr_id": "ZN2RXL",
    "city": "Cádiz",
    "country": "Spain"
  },
  {
    "name": "Alberto Carmona  ...",
    "dupr_id": "ZNEEQW",
    "city": "Cádiz",
    "country": "Spain"
  },
  {
    "name": "Vanesa Blanco",
    "dupr_id": "8GEGRX",
    "city": "Cádiz",
    "country": "Spain"
  },
  {
    "name": "Miguel Lopez",
    "dupr_id": "GGM4KG",
    "city": "Cádiz",
    "country": "Spain"
  },
  {
    "name": "Elena Arboli",
    "dupr_id": "ZNEK4W",
    "city": "Cádiz",
    "country": "Spain"
  },
  {
    "name": "Rubén Repeto Ga ...",
    "dupr_id": "XJPQM2",
    "city": "Cádiz",
    "country": "Spain"
  },
  {
    "name": "German Dario Tamame",
    "dupr_id": "PK9V7M",
    "city": "Cádiz",
    "country": "Italy"
  },
  {
    "name": "Lourdes Marente  ...",
    "dupr_id": "EGN4RO",
    "city": "Cádiz",
    "country": "Spain"
  },
  {
    "name": "Alberto Carmona  ...",
    "dupr_id": "59VVJR",
    "city": "Cádiz",
    "country": "Spain"
  },
  {
    "name": "May_ Aparicio",
    "dupr_id": "OD42P7",
    "city": "Cádiz",
    "country": "Spain"
  },
  {
    "name": "Monica Peña Gra ...",
    "dupr_id": "MYKKJV",
    "city": "Cádiz",
    "country": "Spain"
  },
  {
    "name": "Alfredo Revuelta ...",
    "dupr_id": "3LE0PZ",
    "city": "Cádiz",
    "country": "Spain"
  },
  {
    "name": "Ana Zamora Alvarez",
    "dupr_id": "N7Y026",
    "city": "Cádiz",
    "country": "Spain"
  },
  {
    "name": "Adrian Pulido Bu ...",
    "dupr_id": "4LDDEG",
    "city": "Cádiz",
    "country": "Spain"
  },
  {
    "name": "Inmaculada Meni",
    "dupr_id": "L5620K",
    "city": "Cádiz",
    "country": "Spain"
  },
  {
    "name": "Víctor Toscano",
    "dupr_id": "9PLPVK",
    "city": "Cádiz",
    "country": "Spain"
  },
  {
    "name": "Carlos Martins",
    "dupr_id": "GGKLPV",
    "city": "Braga",
    "country": "Portugal"
  },
  {
    "name": "Rubén Araújo",
    "dupr_id": "W6PQQY",
    "city": "Vigo",
    "country": "Spain"
  },
  {
    "name": "Patricia Suárez",
    "dupr_id": "GGMROQ",
    "city": "Vigo",
    "country": "Spain"
  },
  {
    "name": "Daniel Silver",
    "dupr_id": "L5ONJ5",
    "city": "Santo Tirso",
    "country": "Portugal"
  },
  {
    "name": "Diamantino José ...",
    "dupr_id": "QPOQ5D",
    "city": "Ermesinde",
    "country": "Portugal"
  },
  {
    "name": "Filipe Paszkiewicz",
    "dupr_id": "W6OY5K",
    "city": "Porto",
    "country": "Portugal"
  },
  {
    "name": "Mohamad Hindawi",
    "dupr_id": "W62LOK",
    "city": "Viana do Castelo",
    "country": "Portugal"
  },
  {
    "name": "Jen Ruocco",
    "dupr_id": "DWD2VL",
    "city": "Viana do Castelo",
    "country": "Portugal"
  },
  {
    "name": "Fernando Fraga",
    "dupr_id": "2QY0D4",
    "city": "Porto",
    "country": "Portugal"
  },
  {
    "name": "Gerardo Coutinho",
    "dupr_id": "MYKGDP",
    "city": "Porto",
    "country": "Portugal"
  },
  {
    "name": "Tiago Vasquez",
    "dupr_id": "EGE0EW",
    "city": "Porto",
    "country": "Portugal"
  },
  {
    "name": "Pedro Lima",
    "dupr_id": "GGMLXD",
    "city": "Porto District",
    "country": "Portugal"
  },
  {
    "name": "Diogo Soveral",
    "dupr_id": "4LDNRV",
    "city": "Porto",
    "country": "Portugal"
  },
  {
    "name": "Rui Macedo Cunha",
    "dupr_id": "GGMKQQ",
    "city": "Porto",
    "country": "Portugal"
  },
  {
    "name": "Greg Pendl",
    "dupr_id": "JZEX9O",
    "city": "Porto",
    "country": "Portugal"
  },
  {
    "name": "Andrea Woods",
    "dupr_id": "8WWZZK",
    "city": "Porto",
    "country": "Portugal"
  },
  {
    "name": "Tiago Neto",
    "dupr_id": "V474R6",
    "city": "Porto",
    "country": "Portugal"
  },
  {
    "name": "Pedro Gomes",
    "dupr_id": "56EKPP",
    "city": "Porto",
    "country": "Portugal"
  },
  {
    "name": "Jorge Ramalho",
    "dupr_id": "EGNXZJ",
    "city": "Porto",
    "country": "Portugal"
  },
  {
    "name": "Joana Pereira",
    "dupr_id": "4LJPK2",
    "city": "Porto",
    "country": "Portugal"
  },
  {
    "name": "Rui Cássio",
    "dupr_id": "4LJKNK",
    "city": "Porto",
    "country": "Portugal"
  },
  {
    "name": "Harold Little",
    "dupr_id": "9PWP0E",
    "city": "Porto",
    "country": "Portugal"
  },
  {
    "name": "Gonçalo Ferreira",
    "dupr_id": "L569RJ",
    "city": "Porto",
    "country": "Portugal"
  },
  {
    "name": "Marc Brown",
    "dupr_id": "KO700K",
    "city": "Porto",
    "country": "Portugal"
  },
  {
    "name": "Nuno Oliveira",
    "dupr_id": "L56R26",
    "city": "Porto",
    "country": "Portugal"
  },
  {
    "name": "Mário Moura",
    "dupr_id": "V7PRW7",
    "city": "Porto",
    "country": "Portugal"
  },
  {
    "name": "Paulo Freire",
    "dupr_id": "NYJLX2",
    "city": "Porto",
    "country": "Portugal"
  },
  {
    "name": "Rui Oliveira ",
    "dupr_id": "NYJMQZ",
    "city": "Porto",
    "country": "Portugal"
  },
  {
    "name": "Clara Estima",
    "dupr_id": "QPOZED",
    "city": "Porto",
    "country": "Portugal"
  },
  {
    "name": "Bruno Marinho",
    "dupr_id": "YGVE4D",
    "city": "Porto",
    "country": "Portugal"
  },
  {
    "name": "Paulo Santos",
    "dupr_id": "W6PVNL",
    "city": "Santa Maria da Feira",
    "country": "Portugal"
  },
  {
    "name": "Ana Santos",
    "dupr_id": "59V4OP",
    "city": "Santa Maria da Feira",
    "country": "Portugal"
  },
  {
    "name": "Steve Graham",
    "dupr_id": "YXG47K",
    "city": "São Miguel do Rio Torto",
    "country": "Portugal"
  },
  {
    "name": "Juan Jose Cruz Cano",
    "dupr_id": "DNXRXY",
    "city": "Ayamonte",
    "country": "Spain"
  },
  {
    "name": "Sergio GalvÁn B ...",
    "dupr_id": "4Z0M0G",
    "city": "Ayamonte",
    "country": "Spain"
  },
  {
    "name": "Leonel Rodrigues",
    "dupr_id": "QPG6Z4",
    "city": "Gafanha da Nazaré",
    "country": "Portugal"
  },
  {
    "name": "Denise Boutin",
    "dupr_id": "12NY9Y",
    "city": "Vila Real de Santo António",
    "country": "Portugal"
  },
  {
    "name": "David Gonzalez M ...",
    "dupr_id": "76ND55",
    "city": "Vila Real de Santo António",
    "country": "Portugal"
  },
  {
    "name": "Nuria Melchor Or ...",
    "dupr_id": "4ZLMWV",
    "city": "Vila Real de Santo António",
    "country": "Portugal"
  },
  {
    "name": "Stephan Nordenmark",
    "dupr_id": "KO727Y",
    "city": "Vila Real de Santo António",
    "country": "Portugal"
  },
  {
    "name": "John Lynes",
    "dupr_id": "2L6PR4",
    "city": "Vila Real de Santo António",
    "country": "Portugal"
  },
  {
    "name": "Lisa Bozzoli",
    "dupr_id": "76V0VM",
    "city": "Vila Real de Santo António",
    "country": "Portugal"
  },
  {
    "name": "Anne Greenwood Lee",
    "dupr_id": "EWVV9W",
    "city": "Vila Real de Santo António",
    "country": "Portugal"
  },
  {
    "name": "Ricardo Roque",
    "dupr_id": "DN9DE6",
    "city": "Leiria",
    "country": "Portugal"
  },
  {
    "name": "Annette Ruff",
    "dupr_id": "560XKL",
    "city": "Castro Verde",
    "country": "Portugal"
  },
  {
    "name": "Jacquie Cozens",
    "dupr_id": "Q5JPV4",
    "city": "Ourique",
    "country": "Portugal"
  },
  {
    "name": "Neal Clayton",
    "dupr_id": "KXLML6",
    "city": "Ourique",
    "country": "Portugal"
  },
  {
    "name": "Julia Hammond",
    "dupr_id": "V4DWD6",
    "city": "Almancil",
    "country": "Portugal"
  },
  {
    "name": "Amadis Pereira",
    "dupr_id": "L5O67Q",
    "city": "Quarteira",
    "country": "Portugal"
  },
  {
    "name": "Fernando Da Silva",
    "dupr_id": "PWRQEQ",
    "city": "Quarteira",
    "country": "Portugal"
  },
  {
    "name": "Avi Amitai",
    "dupr_id": "QPVXJ4",
    "city": "Caldas da Rainha",
    "country": "Portugal"
  },
  {
    "name": "Philip Hagemann",
    "dupr_id": "994G4V",
    "city": "Caldas da Rainha",
    "country": "Portugal"
  },
  {
    "name": "Daniel Perez",
    "dupr_id": "EGZ0ZV",
    "city": "Caldas da Rainha",
    "country": "Portugal"
  },
  {
    "name": "Esther Picard",
    "dupr_id": "0Y94N4",
    "city": "Nadadouro",
    "country": "Portugal"
  },
  {
    "name": "Antje Kühl",
    "dupr_id": "L2LXRQ",
    "city": "Pêra",
    "country": "Portugal"
  },
  {
    "name": "Joaquim Venâncio",
    "dupr_id": "5945L0",
    "city": "Setúbal",
    "country": "Portugal"
  },
  {
    "name": "Susana Santos",
    "dupr_id": "MYK5RL",
    "city": "Setúbal",
    "country": "Portugal"
  },
  {
    "name": "Fernando Rui Neves",
    "dupr_id": "QPOV9D",
    "city": "Setúbal",
    "country": "Portugal"
  },
  {
    "name": "Artur Santos",
    "dupr_id": "W6OG9M",
    "city": "Azeitão",
    "country": "Portugal"
  },
  {
    "name": "Didier Laisnez",
    "dupr_id": "0Q06D4",
    "city": "Carvoeiro",
    "country": "Portugal"
  },
  {
    "name": "Robert Escamilla",
    "dupr_id": "6Z94Q0",
    "city": "Lourinhã",
    "country": "Portugal"
  },
  {
    "name": "Janeth Pearl",
    "dupr_id": "W6PK4K",
    "city": "Peniche",
    "country": "Portugal"
  },
  {
    "name": "Fahim Karim",
    "dupr_id": "2LKLLY",
    "city": "Lisboa",
    "country": "Portugal"
  },
  {
    "name": "Jill Thomas",
    "dupr_id": "67ZVGD",
    "city": "Lisboa",
    "country": "Portugal"
  },
  {
    "name": "Eric Drummond",
    "dupr_id": "3V0MQJ",
    "city": "Lisboa",
    "country": "Portugal"
  },
  {
    "name": "Alexis Tam",
    "dupr_id": "M22GPL",
    "city": "Lisboa",
    "country": "Portugal"
  },
  {
    "name": "João Simões",
    "dupr_id": "YXOLV4",
    "city": "Lisboa",
    "country": "Portugal"
  },
  {
    "name": "Rui Temudo",
    "dupr_id": "W6PQ7Y",
    "city": "Lisboa",
    "country": "Portugal"
  },
  {
    "name": "Charlotte Gauthier",
    "dupr_id": "NY62GW",
    "city": "Lisboa",
    "country": "Portugal"
  },
  {
    "name": "Tania Dias",
    "dupr_id": "RY9LED",
    "city": "Lisboa",
    "country": "Portugal"
  },
  {
    "name": "André Dias",
    "dupr_id": "O69W6P",
    "city": "Lisboa",
    "country": "Portugal"
  },
  {
    "name": "João Jorge",
    "dupr_id": "WXR92L",
    "city": "Portimão",
    "country": "Portugal"
  },
  {
    "name": "Amilcar Santos",
    "dupr_id": "V4XXG6",
    "city": "Portimão",
    "country": "Portugal"
  },
  {
    "name": "Wilson Ribeiro",
    "dupr_id": "YXN7NG",
    "city": "Odivelas",
    "country": "Portugal"
  },
  {
    "name": "Tina Whitworth",
    "dupr_id": "129VKY",
    "city": "Alvor",
    "country": "Portugal"
  },
  {
    "name": "Daphne Jensen",
    "dupr_id": "EG5VMO",
    "city": "Alvor",
    "country": "Portugal"
  },
  {
    "name": "Lorraine Seipel",
    "dupr_id": "M2Y96O",
    "city": "Alvor",
    "country": "Portugal"
  },
  {
    "name": "Kim Giovennella",
    "dupr_id": "EWZDZV",
    "city": "Aroeira",
    "country": "Portugal"
  },
  {
    "name": "Alejandro Viarnes",
    "dupr_id": "Z96PMQ",
    "city": "Aroeira",
    "country": "Portugal"
  },
  {
    "name": "Carlos Bastos",
    "dupr_id": "30NVX4",
    "city": "Rio de Mouro",
    "country": "Portugal"
  },
  {
    "name": "Duarte Albuquerque",
    "dupr_id": "G5GVEQ",
    "city": "Oeiras",
    "country": "Portugal"
  },
  {
    "name": "Mark Williams",
    "dupr_id": "DNNYNM",
    "city": "Carcavelos",
    "country": "Portugal"
  },
  {
    "name": "Luisa Ribeiro Sa ...",
    "dupr_id": "PWWZZX",
    "city": "Carcavelos",
    "country": "Portugal"
  },
  {
    "name": "Helder Veríssimo",
    "dupr_id": "W6P6OM",
    "city": "Carcavelos",
    "country": "Portugal"
  },
  {
    "name": "Leellen Hale",
    "dupr_id": "2L6K0E",
    "city": "Carcavelos",
    "country": "Portugal"
  },
  {
    "name": "Vera Albuquerque",
    "dupr_id": "6ZY0PG",
    "city": "Cascais",
    "country": "Portugal"
  },
  {
    "name": "Ron Shea",
    "dupr_id": "W6PQPG",
    "city": "Cascais",
    "country": "Portugal"
  },
  {
    "name": "Michał Pyrtek",
    "dupr_id": "PK9OGQ",
    "city": "",
    "country": "Poland"
  },
  {
    "name": "Irina Tereschenko",
    "dupr_id": "6Z97EQ",
    "city": "",
    "country": "Russia"
  },
  {
    "name": "Kenneth Dahlin",
    "dupr_id": "W6PM0Y",
    "city": "",
    "country": "Sweden"
  },
  {
    "name": "Mikael Eriksson",
    "dupr_id": "OD42Y2",
    "city": "",
    "country": "Sweden"
  },
  {
    "name": "Peter Ericsson",
    "dupr_id": "GGMLDM",
    "city": "",
    "country": "Sweden"
  },
  {
    "name": "Gustaf Geterud",
    "dupr_id": "1622ZK",
    "city": "",
    "country": "Sweden"
  },
  {
    "name": "Helena Lundhammar",
    "dupr_id": "8K64O7",
    "city": "",
    "country": "Sweden"
  },
  {
    "name": "Rasmus Eriksson",
    "dupr_id": "X206Y2",
    "city": "",
    "country": "Sweden"
  },
  {
    "name": "Anton Gudz",
    "dupr_id": "YGV9VK",
    "city": "",
    "country": "Ukraine"
  },
  {
    "name": "Ernesto Cardenas",
    "dupr_id": "KOW2K6",
    "city": "",
    "country": "Spain"
  },
  {
    "name": "Daniel Hernando  ...",
    "dupr_id": "8E2ZWO",
    "city": "",
    "country": "Spain"
  },
  {
    "name": "María Pablo Mé ...",
    "dupr_id": "7DGWL0",
    "city": "",
    "country": "Spain"
  },
  {
    "name": "Daniel Vega Guti ...",
    "dupr_id": "JZ74XW",
    "city": "",
    "country": "Spain"
  },
  {
    "name": "Vicente Marcos L ...",
    "dupr_id": "4L40NK",
    "city": "",
    "country": "Spain"
  },
  {
    "name": "Cyril Dirand",
    "dupr_id": "3L75V5",
    "city": "",
    "country": "France"
  },
  {
    "name": "Pickleball France",
    "dupr_id": "DWGXO6",
    "city": "",
    "country": "France"
  },
  {
    "name": "Bruna Dalbenzio",
    "dupr_id": "W6ODZM",
    "city": "",
    "country": "Italy"
  },
  {
    "name": "Marcello Bettinelli",
    "dupr_id": "PKDE5E",
    "city": "",
    "country": "Italy"
  },
  {
    "name": "Lucarella Giusep ...",
    "dupr_id": "ZN2V7W",
    "city": "",
    "country": "Italy"
  },
  {
    "name": "Pickleball Pays  ...",
    "dupr_id": "GGMLOQ",
    "city": "",
    "country": "France"
  },
  {
    "name": "Mylène Hernja",
    "dupr_id": "XJM0NX",
    "city": "",
    "country": "France"
  },
  {
    "name": "Louis Laville",
    "dupr_id": "3LZ4O5",
    "city": "",
    "country": "United Kingdom"
  },
  {
    "name": "Roberto Rospo",
    "dupr_id": "8JVX2W",
    "city": "",
    "country": "United Kingdom"
  },
  {
    "name": "Thaddea Lock",
    "dupr_id": "307PMG",
    "city": "",
    "country": "United Kingdom"
  },
  {
    "name": "Bernie Audibert",
    "dupr_id": "8GE6KM",
    "city": "",
    "country": "United Kingdom"
  },
  {
    "name": "Mika Wadin",
    "dupr_id": "0YE9V2",
    "city": "",
    "country": "Belgium"
  },
  {
    "name": "Felix Grunert",
    "dupr_id": "1R9VDD",
    "city": "",
    "country": "Germany"
  },
  {
    "name": "Jan Dvoracek",
    "dupr_id": "M2GM5V",
    "city": "",
    "country": "Czech Republic"
  },
  {
    "name": "Sabine Dreger",
    "dupr_id": "DWWXP6",
    "city": "",
    "country": "Germany"
  },
  {
    "name": "Karsten Wischermann",
    "dupr_id": "9P4ORE",
    "city": "",
    "country": "Germany"
  },
  {
    "name": "Julian Claßen",
    "dupr_id": "5EY6JR",
    "city": "",
    "country": "Germany"
  },
  {
    "name": "Kathrine Kristensen",
    "dupr_id": "V7YX95",
    "city": "",
    "country": "Denmark"
  },
  {
    "name": "Blanca De Dorrem ...",
    "dupr_id": "3X9N94",
    "city": "",
    "country": "Spain"
  },
  {
    "name": "Angel Del Monte  ...",
    "dupr_id": "4LDY7V",
    "city": "",
    "country": "Spain"
  },
  {
    "name": "Gema Garcia Rodr ...",
    "dupr_id": "MYKGEG",
    "city": "",
    "country": "Spain"
  },
  {
    "name": "Ruben Rodriguez",
    "dupr_id": "ZN2QXD",
    "city": "",
    "country": "Spain"
  },
  {
    "name": "Patricia Delgado",
    "dupr_id": "W6PGDY",
    "city": "",
    "country": "Spain"
  },
  {
    "name": "Ismael Aguinaco",
    "dupr_id": "RZNYVM",
    "city": "",
    "country": "Spain"
  },
  {
    "name": "Pickleballgrowth ...",
    "dupr_id": "G5NNPM",
    "city": "",
    "country": "Spain"
  },
  {
    "name": "Jukka Pellosniemi",
    "dupr_id": "W6P5XQ",
    "city": "",
    "country": "Finland"
  },
  {
    "name": "Tuomo Antikainen",
    "dupr_id": "3YDMJE",
    "city": "",
    "country": "Finland"
  },
  {
    "name": "Steffi Pace",
    "dupr_id": "M2EKOO",
    "city": "",
    "country": "Malta"
  },
  {
    "name": "Christopher Leary",
    "dupr_id": "8GJDMQ",
    "city": "",
    "country": "Netherlands"
  },
  {
    "name": "Jiske Van Groene ...",
    "dupr_id": "G56WZQ",
    "city": "",
    "country": "Netherlands"
  },
  {
    "name": "Michal Sidelnik",
    "dupr_id": "3O7DP2",
    "city": "",
    "country": "Poland"
  },
  {
    "name": "Tomasz Sidelnik",
    "dupr_id": "8DMW5M",
    "city": "",
    "country": "Poland"
  },
  {
    "name": "Isabelle Eriksson",
    "dupr_id": "PK9W9E",
    "city": "",
    "country": "Sweden"
  },
  {
    "name": "Jimmy Sandell",
    "dupr_id": "NYJXLN",
    "city": "",
    "country": "Sweden"
  },
  {
    "name": "Eva Kolarovska",
    "dupr_id": "KOW2P7",
    "city": "",
    "country": "Slovakia"
  },
  {
    "name": "Louise Stephens",
    "dupr_id": "8D4DNY",
    "city": "",
    "country": "United Kingdom"
  },
  {
    "name": "Anthony Mcelvaine",
    "dupr_id": "3L4ZE6",
    "city": "",
    "country": "United Kingdom"
  },
  {
    "name": "Julie Mac",
    "dupr_id": "35RYZV",
    "city": "",
    "country": "United Kingdom"
  },
  {
    "name": "Lee Featherbe",
    "dupr_id": "897ZW7",
    "city": "",
    "country": "United Kingdom"
  },
  {
    "name": "Faye Plummer",
    "dupr_id": "89R7LK",
    "city": "",
    "country": "United Kingdom"
  },
  {
    "name": "Lucy Elliott",
    "dupr_id": "35RX55",
    "city": "",
    "country": "United Kingdom"
  },
  {
    "name": "Marcia Audibert",
    "dupr_id": "89RQNK",
    "city": "",
    "country": "United Kingdom"
  },
  {
    "name": "Guy Laville",
    "dupr_id": "3ZYP7M",
    "city": "",
    "country": "United Kingdom"
  },
  {
    "name": "Tim Conner",
    "dupr_id": "W66NQY",
    "city": "",
    "country": "United Kingdom"
  },
  {
    "name": "Francesca Stecchi",
    "dupr_id": "QPOV24",
    "city": "",
    "country": "Italy"
  },
  {
    "name": "Mauro Polato",
    "dupr_id": "DWW47L",
    "city": "",
    "country": "Italy"
  },
  {
    "name": "Claudio Bergantin",
    "dupr_id": "JZ29ZW",
    "city": "",
    "country": "Italy"
  },
  {
    "name": "Tracey Peden",
    "dupr_id": "9P2K0K",
    "city": "",
    "country": "United Kingdom"
  },
  {
    "name": "Paul Oprea",
    "dupr_id": "QPJM75",
    "city": "",
    "country": "United Kingdom"
  },
  {
    "name": "Debbie Brown",
    "dupr_id": "XJDML4",
    "city": "",
    "country": "Ireland"
  },
  {
    "name": "Enrico Ottolini",
    "dupr_id": "0Y94EN",
    "city": "",
    "country": "Italy"
  },
  {
    "name": "Claudia Marrone",
    "dupr_id": "RZO5ZN",
    "city": "",
    "country": "Italy"
  },
  {
    "name": "Angela Alessi",
    "dupr_id": "L5OG96",
    "city": "",
    "country": "Italy"
  },
  {
    "name": "Alberto Seccia",
    "dupr_id": "V4GKEP",
    "city": "",
    "country": "Italy"
  },
  {
    "name": "Eleonora Buffa",
    "dupr_id": "Z95PGQ",
    "city": "",
    "country": "Italy"
  },
  {
    "name": "Roberta Pace Girard",
    "dupr_id": "NY60W6",
    "city": "",
    "country": "Malta"
  },
  {
    "name": "Iwan Banens",
    "dupr_id": "XJP2E4",
    "city": "",
    "country": "Netherlands"
  },
  {
    "name": "Joris Weimar",
    "dupr_id": "35ZX0P",
    "city": "",
    "country": "Netherlands"
  },
  {
    "name": "Matthijs Wolkenfelt",
    "dupr_id": "WXKYGK",
    "city": "",
    "country": "Netherlands"
  },
  {
    "name": "Timm Wapper",
    "dupr_id": "4LY7OG",
    "city": "",
    "country": "Austria"
  },
  {
    "name": "Andre Müller",
    "dupr_id": "99DKN7",
    "city": "",
    "country": "Switzerland"
  },
  {
    "name": "Vaclav Nuhlicek",
    "dupr_id": "67WKGD",
    "city": "",
    "country": "Czech Republic"
  },
  {
    "name": "Brian Hürmann",
    "dupr_id": "3X7YM7",
    "city": "",
    "country": "Germany"
  },
  {
    "name": "Andi Von Ameln",
    "dupr_id": "V72NDE",
    "city": "",
    "country": "Germany"
  },
  {
    "name": "Maureen Cueppers",
    "dupr_id": "QP9NON",
    "city": "",
    "country": "Germany"
  },
  {
    "name": "Daniel Schumacher",
    "dupr_id": "MYEZVG",
    "city": "",
    "country": "Germany"
  },
  {
    "name": "Klaus Bständig",
    "dupr_id": "MYK6VO",
    "city": "",
    "country": "Germany"
  },
  {
    "name": "Thorsten Heilig",
    "dupr_id": "V7DRP5",
    "city": "",
    "country": "Germany"
  },
  {
    "name": "Wolfram Trautwein",
    "dupr_id": "ZD4YJD",
    "city": "",
    "country": "Germany"
  },
  {
    "name": "Luis De Cristóbal",
    "dupr_id": "9PWXNJ",
    "city": "",
    "country": "Spain"
  },
  {
    "name": "Daniel Almenar",
    "dupr_id": "MYOWNL",
    "city": "",
    "country": "Spain"
  },
  {
    "name": "Jose Maria SardiÑa",
    "dupr_id": "JZEYDM",
    "city": "",
    "country": "Spain"
  },
  {
    "name": "Coke (maría Jos ...",
    "dupr_id": "EGK79O",
    "city": "",
    "country": "Spain"
  },
  {
    "name": "Antonio Leganes  ...",
    "dupr_id": "4LDYJ6",
    "city": "",
    "country": "Spain"
  },
  {
    "name": "David Martinez Q ...",
    "dupr_id": "6ZE0PQ",
    "city": "",
    "country": "Spain"
  },
  {
    "name": "Eduardo Moratalla",
    "dupr_id": "6ZEYQD",
    "city": "",
    "country": "Spain"
  },
  {
    "name": "Antonio Leganes",
    "dupr_id": "JZ24E4",
    "city": "",
    "country": "Spain"
  },
  {
    "name": "Gurutze Intxaurburu",
    "dupr_id": "KO7427",
    "city": "",
    "country": "Spain"
  },
  {
    "name": "Jorge Llorente",
    "dupr_id": "DWG5XM",
    "city": "",
    "country": "Spain"
  },
  {
    "name": "Montse Moya",
    "dupr_id": "MYMV6D",
    "city": "",
    "country": "Spain"
  },
  {
    "name": "Roberto Javier G ...",
    "dupr_id": "EGN7LJ",
    "city": "",
    "country": "Spain"
  },
  {
    "name": "Jesús De Miguel ",
    "dupr_id": "XJPO95",
    "city": "",
    "country": "Spain"
  },
  {
    "name": "Gerardo Ballesteros",
    "dupr_id": "NYJGV7",
    "city": "",
    "country": "Spain"
  },
  {
    "name": "Javi Mallo",
    "dupr_id": "12NVL4",
    "city": "",
    "country": "Spain"
  },
  {
    "name": "Jose Luis Revill ...",
    "dupr_id": "3XXYW5",
    "city": "",
    "country": "Spain"
  },
  {
    "name": "Mikko Rahtu",
    "dupr_id": "35LXMR",
    "city": "",
    "country": "Finland"
  },
  {
    "name": "Yoann Fabre",
    "dupr_id": "ZNOG2L",
    "city": "",
    "country": "France"
  },
  {
    "name": "Anthony Andreux",
    "dupr_id": "PKOY0Q",
    "city": "",
    "country": "France"
  },
  {
    "name": "Franck Siano",
    "dupr_id": "3VYWXP",
    "city": "",
    "country": "France"
  },
  {
    "name": "Nicolas Bekaert",
    "dupr_id": "59POVV",
    "city": "",
    "country": "France"
  },
  {
    "name": "Sebastien Peignot",
    "dupr_id": "9PELWJ",
    "city": "",
    "country": "France"
  },
  {
    "name": "Joseph Lutringer",
    "dupr_id": "XJP0Q4",
    "city": "",
    "country": "France"
  },
  {
    "name": "Julien Robuste",
    "dupr_id": "76D9W4",
    "city": "",
    "country": "France"
  },
  {
    "name": "Marie-hélène D ...",
    "dupr_id": "QP04WD",
    "city": "",
    "country": "France"
  },
  {
    "name": "Michel Hernja",
    "dupr_id": "3VW7W5",
    "city": "",
    "country": "France"
  },
  {
    "name": "Karen Mitchell",
    "dupr_id": "59470V",
    "city": "",
    "country": "United Kingdom"
  },
  {
    "name": "Chris Mitchell",
    "dupr_id": "MYO7KL",
    "city": "",
    "country": "United Kingdom"
  },
  {
    "name": "Isabelle Pucher",
    "dupr_id": "QPG5G4",
    "city": "",
    "country": "United Kingdom"
  },
  {
    "name": "Anna Mauchline",
    "dupr_id": "JZ24VO",
    "city": "",
    "country": "United Kingdom"
  },
  {
    "name": "Jo Bushell",
    "dupr_id": "8GDN5V",
    "city": "",
    "country": "United Kingdom"
  },
  {
    "name": "Leigh Ryder",
    "dupr_id": "3ZY4QL",
    "city": "0",
    "country": "United Kingdom"
  },
  {
    "name": "Julia Stevens",
    "dupr_id": "89RQ9V",
    "city": "0",
    "country": "United Kingdom"
  },
  {
    "name": "Christina Whincup",
    "dupr_id": "8GEXZX",
    "city": "0",
    "country": "United Kingdom"
  },
  {
    "name": "Stuart Stimson",
    "dupr_id": "1Q69Z4",
    "city": "0",
    "country": "United Kingdom"
  },
  {
    "name": "Elaine Brown",
    "dupr_id": "GG49WG",
    "city": "",
    "country": "United Kingdom"
  },
  {
    "name": "Ricky Lock",
    "dupr_id": "125WM4",
    "city": "",
    "country": "United Kingdom"
  },
  {
    "name": "Nick Pomery",
    "dupr_id": "8JKY9J",
    "city": "",
    "country": "United Kingdom"
  },
  {
    "name": "Suzanne Rouse",
    "dupr_id": "84RJWM",
    "city": "",
    "country": "United Kingdom"
  },
  {
    "name": "Darrel Foulk",
    "dupr_id": "JZ290D",
    "city": "",
    "country": "United Kingdom"
  },
  {
    "name": "Pam Whitehead",
    "dupr_id": "QPG7M5",
    "city": "",
    "country": "United Kingdom"
  },
  {
    "name": "Cain Frazier",
    "dupr_id": "DW6Z4L",
    "city": "",
    "country": "United Kingdom"
  },
  {
    "name": "Paul Chard",
    "dupr_id": "1RE66D",
    "city": "",
    "country": "United Kingdom"
  },
  {
    "name": "Robert Macklin",
    "dupr_id": "16EQLK",
    "city": "",
    "country": "United Kingdom"
  },
  {
    "name": "Caroline King",
    "dupr_id": "59VD0P",
    "city": "",
    "country": "United Kingdom"
  },
  {
    "name": "Elena Chiu",
    "dupr_id": "KONZVO",
    "city": "",
    "country": "United Kingdom"
  },
  {
    "name": "Kate Speed",
    "dupr_id": "1279Y7",
    "city": "",
    "country": "United Kingdom"
  },
  {
    "name": "Ben Alphonse",
    "dupr_id": "3YLLGP",
    "city": "",
    "country": "United Kingdom"
  },
  {
    "name": "Raymond Puttick",
    "dupr_id": "1QV5R5",
    "city": "",
    "country": "United Kingdom"
  },
  {
    "name": "Barry Brouns",
    "dupr_id": "KD06Z6",
    "city": "",
    "country": "Netherlands"
  },
  {
    "name": "Michal Walczak",
    "dupr_id": "8DOG94",
    "city": "",
    "country": "Poland"
  },
  {
    "name": "Zbigniew Olesinski",
    "dupr_id": "2LQN69",
    "city": "",
    "country": "Poland"
  },
  {
    "name": "Anna Szaferska",
    "dupr_id": "6Z5YNK",
    "city": "",
    "country": "Poland"
  },
  {
    "name": "Rodrigo Telles",
    "dupr_id": "99P72E",
    "city": "",
    "country": "Portugal"
  },
  {
    "name": "Björn Gyllenvind",
    "dupr_id": "8MZ05P",
    "city": "",
    "country": "Sweden"
  },
  {
    "name": "Zlatko Alkic",
    "dupr_id": "QPDXM4",
    "city": "",
    "country": "Sweden"
  },
  {
    "name": "Pialena Ander",
    "dupr_id": "84R7L6",
    "city": "",
    "country": "Sweden"
  },
  {
    "name": "Jessi Eklöv",
    "dupr_id": "QPGJ6R",
    "city": "",
    "country": "Sweden"
  },
  {
    "name": "Niklas Palsson",
    "dupr_id": "RZNV9E",
    "city": "",
    "country": "Sweden"
  },
  {
    "name": "Peter Blohm",
    "dupr_id": "Q5P9O5",
    "city": "",
    "country": "Sweden"
  },
  {
    "name": "Pieter Jansen",
    "dupr_id": "2Y4EVE",
    "city": "",
    "country": "Netherlands"
  },
  {
    "name": "Marek Szklorz",
    "dupr_id": "1QKW55",
    "city": "",
    "country": "Poland"
  },
  {
    "name": "Krzysztof Partyka",
    "dupr_id": "L5267K",
    "city": "",
    "country": "Poland"
  },
  {
    "name": "Tomasz Kiszka",
    "dupr_id": "DWEXDY",
    "city": "",
    "country": "Poland"
  },
  {
    "name": "Derek Hale",
    "dupr_id": "1RK77Z",
    "city": "",
    "country": "Portugal"
  },
  {
    "name": "Guilherme Lopes",
    "dupr_id": "V7PZEJ",
    "city": "",
    "country": "Portugal"
  },
  {
    "name": "Stephane Pires",
    "dupr_id": "NYJZJ2",
    "city": "",
    "country": "Portugal"
  },
  {
    "name": "Cristina Lopes",
    "dupr_id": "PWK52G",
    "city": "",
    "country": "Portugal"
  },
  {
    "name": "Knut Steffensen",
    "dupr_id": "PK9G6X",
    "city": "",
    "country": "Sweden"
  },
  {
    "name": "Marina Heatzig",
    "dupr_id": "124L47",
    "city": "",
    "country": "Sweden"
  },
  {
    "name": "Daniel Eneman",
    "dupr_id": "7D794M",
    "city": "",
    "country": "Sweden"
  },
  {
    "name": "Mårre Skånman",
    "dupr_id": "4LJG26",
    "city": "",
    "country": "Sweden"
  },
  {
    "name": "Taras Malyshevskyi",
    "dupr_id": "0YGWYX",
    "city": "",
    "country": "Ukraine"
  },
  {
    "name": "Mykhaylo Khaykyn",
    "dupr_id": "RXW2VE",
    "city": "",
    "country": "Ukraine"
  },
  {
    "name": "Liz Weare",
    "dupr_id": "EG296E",
    "city": "",
    "country": "Austria"
  },
  {
    "name": "Jessie Dai",
    "dupr_id": "JZEPKW",
    "city": "",
    "country": "Austria"
  },
  {
    "name": "Laurent Vandeloise",
    "dupr_id": "8EOMZJ",
    "city": "",
    "country": "Belgium"
  },
  {
    "name": "Tim Snellings",
    "dupr_id": "3YOJPD",
    "city": "",
    "country": "Belgium"
  },
  {
    "name": "Kris Van Doren",
    "dupr_id": "ODXNZP",
    "city": "",
    "country": "Belgium"
  },
  {
    "name": "Fanny Chalon",
    "dupr_id": "ODK5XP",
    "city": "",
    "country": "Belgium"
  },
  {
    "name": "Yves Civilia",
    "dupr_id": "XJ4KY5",
    "city": "",
    "country": "Belgium"
  },
  {
    "name": "Fabian Gillard",
    "dupr_id": "OD255W",
    "city": "",
    "country": "Belgium"
  },
  {
    "name": "Pierre Smeers",
    "dupr_id": "59N79L",
    "city": "",
    "country": "Belgium"
  },
  {
    "name": "Thomas Dehon",
    "dupr_id": "XJ4GLR",
    "city": "",
    "country": "Belgium"
  },
  {
    "name": "Rudy Goossens",
    "dupr_id": "4Z77J6",
    "city": "",
    "country": "Belgium"
  },
  {
    "name": "Nils Jespers",
    "dupr_id": "997W5J",
    "city": "",
    "country": "Belgium"
  },
  {
    "name": "Patrick Haumont",
    "dupr_id": "56QQWR",
    "city": "",
    "country": "Belgium"
  },
  {
    "name": "Chrystelle Losey",
    "dupr_id": "4LDXKK",
    "city": "",
    "country": "Switzerland"
  },
  {
    "name": "Christian Gutmann",
    "dupr_id": "V7OM9J",
    "city": "",
    "country": "Switzerland"
  },
  {
    "name": "Greg Lew",
    "dupr_id": "V7PZQ6",
    "city": "",
    "country": "Switzerland"
  },
  {
    "name": "Jean-raphael Fis ...",
    "dupr_id": "M2YXZV",
    "city": "",
    "country": "Switzerland"
  },
  {
    "name": "Luis Cuesta",
    "dupr_id": "KDDDKK",
    "city": "",
    "country": "Switzerland"
  },
  {
    "name": "Eddy Dayen",
    "dupr_id": "Z94Q2L",
    "city": "",
    "country": "Switzerland"
  },
  {
    "name": "Dita Daňhelková",
    "dupr_id": "DN2X0Y",
    "city": "",
    "country": "Czech Republic"
  },
  {
    "name": "Vojtech Petr",
    "dupr_id": "PWDDEG",
    "city": "",
    "country": "Czech Republic"
  },
  {
    "name": "Miki Čižmár",
    "dupr_id": "N72OW6",
    "city": "",
    "country": "Czech Republic"
  },
  {
    "name": "Gerd Schliefer",
    "dupr_id": "V7X957",
    "city": "",
    "country": "Germany"
  },
  {
    "name": "Lokesh Harnal",
    "dupr_id": "JZ7KNJ",
    "city": "",
    "country": "Germany"
  },
  {
    "name": "Andrea Schwab",
    "dupr_id": "QPOG4R",
    "city": "",
    "country": "Germany"
  },
  {
    "name": "Monika Lehmann",
    "dupr_id": "0YEE2Q",
    "city": "",
    "country": "Germany"
  },
  {
    "name": "Christine Bamberger",
    "dupr_id": "W6O2VQ",
    "city": "",
    "country": "Germany"
  },
  {
    "name": "Thomas Gabka",
    "dupr_id": "ODMPXL",
    "city": "",
    "country": "Germany"
  },
  {
    "name": "Omid Hosseini",
    "dupr_id": "ZN9Z9L",
    "city": "",
    "country": "Germany"
  },
  {
    "name": "Peter Gerschewski",
    "dupr_id": "59402L",
    "city": "",
    "country": "Germany"
  },
  {
    "name": "Kai Auhagen",
    "dupr_id": "6ZJ44D",
    "city": "",
    "country": "Germany"
  },
  {
    "name": "Carsten Cüppers",
    "dupr_id": "DWN62Y",
    "city": "",
    "country": "Germany"
  },
  {
    "name": "Werner Kötter",
    "dupr_id": "4LYZDV",
    "city": "",
    "country": "Germany"
  },
  {
    "name": "Patrick Bendyk",
    "dupr_id": "PKR2NZ",
    "city": "",
    "country": "Germany"
  },
  {
    "name": "Ben Bengel",
    "dupr_id": "L5LPEJ",
    "city": "",
    "country": "Germany"
  },
  {
    "name": "Andy Newton",
    "dupr_id": "V70O27",
    "city": "",
    "country": "United Kingdom"
  },
  {
    "name": "Anneliese Webley",
    "dupr_id": "EGO2PE",
    "city": "",
    "country": "United Kingdom"
  },
  {
    "name": "Ruby Kaur",
    "dupr_id": "WX0VYY",
    "city": "",
    "country": "United Kingdom"
  },
  {
    "name": "Nguyen Luu",
    "dupr_id": "V7V0GB",
    "city": "",
    "country": "United Kingdom"
  },
  {
    "name": "Danielle Frazer",
    "dupr_id": "X2VVK4",
    "city": "",
    "country": "United Kingdom"
  },
  {
    "name": "Martin Ruth",
    "dupr_id": "9P7NNV",
    "city": "",
    "country": "United Kingdom"
  },
  {
    "name": "Clare Faherty",
    "dupr_id": "DW49OM",
    "city": "",
    "country": "Ireland"
  },
  {
    "name": "Shauna Burke",
    "dupr_id": "W67R6Q",
    "city": "",
    "country": "Ireland"
  },
  {
    "name": "Jacinta Mcbride",
    "dupr_id": "QPG5W0",
    "city": "",
    "country": "Ireland"
  },
  {
    "name": "Briain Kelly",
    "dupr_id": "0Y64L4",
    "city": "",
    "country": "Ireland"
  },
  {
    "name": "Michael Lyne",
    "dupr_id": "9PQVQR",
    "city": "",
    "country": "Ireland"
  },
  {
    "name": "Elena Masiero",
    "dupr_id": "L5OYZK",
    "city": "",
    "country": "Italy"
  },
  {
    "name": "Lorenzo Lanza",
    "dupr_id": "GGJX6D",
    "city": "",
    "country": "Italy"
  },
  {
    "name": "Giorgio Bonfanti",
    "dupr_id": "W6LZXG",
    "city": "",
    "country": "Italy"
  },
  {
    "name": "Gianluca Mangino",
    "dupr_id": "6Z9QWQ",
    "city": "",
    "country": "Italy"
  },
  {
    "name": "Fabio Feneri",
    "dupr_id": "59ZG25",
    "city": "",
    "country": "Italy"
  },
  {
    "name": "Simone Ferri",
    "dupr_id": "QPL5K5",
    "city": "",
    "country": "Italy"
  },
  {
    "name": "Gabriele Massolino",
    "dupr_id": "QP4RRD",
    "city": "",
    "country": "Italy"
  },
  {
    "name": "Katia Altilia",
    "dupr_id": "KOMMN7",
    "city": "",
    "country": "Italy"
  },
  {
    "name": "Stephanie Scimone",
    "dupr_id": "RYGGEZ",
    "city": "",
    "country": "Italy"
  },
  {
    "name": "Alessio Iardella",
    "dupr_id": "N7L97N",
    "city": "",
    "country": "Italy"
  },
  {
    "name": "Roberto Sintoni",
    "dupr_id": "PWLRNE",
    "city": "",
    "country": "Italy"
  },
  {
    "name": "Cristina Martello",
    "dupr_id": "GG2ZMM",
    "city": "",
    "country": "Luxembourg"
  },
  {
    "name": "Hilde Van Diest",
    "dupr_id": "KO0ELQ",
    "city": "",
    "country": "Netherlands"
  },
  {
    "name": "Minne Bouma",
    "dupr_id": "EGO66O",
    "city": "",
    "country": "Netherlands"
  },
  {
    "name": "Gerald Saintome",
    "dupr_id": "XJG4LR",
    "city": "",
    "country": "France"
  },
  {
    "name": "Bernard Lacaton",
    "dupr_id": "6ZEDZQ",
    "city": "",
    "country": "France"
  },
  {
    "name": "Elsa Gravejal",
    "dupr_id": "JZ2WOJ",
    "city": "",
    "country": "France"
  },
  {
    "name": "Paméla Folgar",
    "dupr_id": "7DG45M",
    "city": "",
    "country": "France"
  },
  {
    "name": "Benoit Lebreton",
    "dupr_id": "RZ2V0N",
    "city": "",
    "country": "France"
  },
  {
    "name": "Julien Thieblemont",
    "dupr_id": "592R2P",
    "city": "",
    "country": "France"
  },
  {
    "name": "Yohann Tesson",
    "dupr_id": "6Z4M6K",
    "city": "",
    "country": "France"
  },
  {
    "name": "Pradeep Gupta",
    "dupr_id": "V7PDW5",
    "city": "",
    "country": "United Kingdom"
  },
  {
    "name": "Maisie Wise",
    "dupr_id": "3YO4YD",
    "city": "",
    "country": "United Kingdom"
  },
  {
    "name": "Karyn Duggan",
    "dupr_id": "1RKDLN",
    "city": "",
    "country": "United Kingdom"
  },
  {
    "name": "David Tyler",
    "dupr_id": "8MJPYL",
    "city": "",
    "country": "United Kingdom"
  },
  {
    "name": "Jayne Phillips",
    "dupr_id": "3ZQPGP",
    "city": "",
    "country": "United Kingdom"
  },
  {
    "name": "David Stoten",
    "dupr_id": "12KP77",
    "city": "0",
    "country": "United Kingdom"
  },
  {
    "name": "Pamela Stoten",
    "dupr_id": "8MDXDP",
    "city": "",
    "country": "United Kingdom"
  },
  {
    "name": "Pamela Simpson",
    "dupr_id": "7DG455",
    "city": "0",
    "country": "United Kingdom"
  },
  {
    "name": "Stuart Setchell",
    "dupr_id": "3L4ZN6",
    "city": "",
    "country": "United Kingdom"
  },
  {
    "name": "Mal Searle",
    "dupr_id": "352EZV",
    "city": "",
    "country": "United Kingdom"
  },
  {
    "name": "Liz Batten",
    "dupr_id": "RZNEED",
    "city": "",
    "country": "United Kingdom"
  },
  {
    "name": "Salli Griffith",
    "dupr_id": "8MD94P",
    "city": "",
    "country": "United Kingdom"
  },
  {
    "name": "Pat Smith",
    "dupr_id": "MYKR4G",
    "city": "",
    "country": "United Kingdom"
  },
  {
    "name": "Vanessa Hannam",
    "dupr_id": "1N4G76",
    "city": "",
    "country": "United Kingdom"
  },
  {
    "name": "Philip Jones",
    "dupr_id": "1Q27X4",
    "city": "",
    "country": "United Kingdom"
  },
  {
    "name": "Gareth Cox",
    "dupr_id": "17Q425",
    "city": "",
    "country": "United Kingdom"
  },
  {
    "name": "Joe Busse",
    "dupr_id": "DWGYKY",
    "city": "",
    "country": "United Kingdom"
  },
  {
    "name": "Andy Horrell",
    "dupr_id": "4LDJMV",
    "city": "",
    "country": "United Kingdom"
  },
  {
    "name": "James Perez",
    "dupr_id": "9PW497",
    "city": "",
    "country": "United Kingdom"
  },
  {
    "name": "Paul Dally",
    "dupr_id": "12KP27",
    "city": "",
    "country": "United Kingdom"
  },
  {
    "name": "Ato Stephens",
    "dupr_id": "17Q4D0",
    "city": "",
    "country": "United Kingdom"
  },
  {
    "name": "Tim Clarke",
    "dupr_id": "YG9JWP",
    "city": "",
    "country": "United Kingdom"
  },
  {
    "name": "Joel May",
    "dupr_id": "7DGZDM",
    "city": "",
    "country": "United Kingdom"
  },
  {
    "name": "Clive Dean",
    "dupr_id": "1RE6XM",
    "city": "",
    "country": "United Kingdom"
  },
  {
    "name": "David Froude",
    "dupr_id": "6ZE070",
    "city": "",
    "country": "United Kingdom"
  },
  {
    "name": "David Waller",
    "dupr_id": "OD27JL",
    "city": "",
    "country": "United Kingdom"
  },
  {
    "name": "Nick Lewis",
    "dupr_id": "8E4OKW",
    "city": "",
    "country": "United Kingdom"
  },
  {
    "name": "George Stephens",
    "dupr_id": "DWGLDX",
    "city": "",
    "country": "United Kingdom"
  },
  {
    "name": "Michael Hanson",
    "dupr_id": "2L6N4R",
    "city": "",
    "country": "United Kingdom"
  },
  {
    "name": "John Murdoch",
    "dupr_id": "JZPWKD",
    "city": "",
    "country": "United Kingdom"
  },
  {
    "name": "Michael Miles",
    "dupr_id": "8GM06V",
    "city": "",
    "country": "United Kingdom"
  },
  {
    "name": "Fiona Moncur",
    "dupr_id": "V7OWL5",
    "city": "",
    "country": "United Kingdom"
  },
  {
    "name": "Andrew Unwin",
    "dupr_id": "0Y2Q22",
    "city": "",
    "country": "United Kingdom"
  },
  {
    "name": "Andrew Fennell",
    "dupr_id": "8WQVRY",
    "city": "",
    "country": "United Kingdom"
  },
  {
    "name": "Anthony Whiteman",
    "dupr_id": "KOW9W7",
    "city": "",
    "country": "United Kingdom"
  },
  {
    "name": "Luke Fields",
    "dupr_id": "ZN7PRM",
    "city": "",
    "country": "United Kingdom"
  },
  {
    "name": "Sam Sabate",
    "dupr_id": "OYDZKG",
    "city": "",
    "country": "United Kingdom"
  },
  {
    "name": "Katy Harrison",
    "dupr_id": "597V7V",
    "city": "",
    "country": "United Kingdom"
  },
  {
    "name": "Ian Banks-jones",
    "dupr_id": "GGE0YQ",
    "city": "",
    "country": "United Kingdom"
  },
  {
    "name": "Phil Povey",
    "dupr_id": "EGZ5EE",
    "city": "",
    "country": "United Kingdom"
  },
  {
    "name": "Kim Mclaren",
    "dupr_id": "NYLO97",
    "city": "",
    "country": "United Kingdom"
  },
  {
    "name": "Sweet Doane Naquita",
    "dupr_id": "RY7RWE",
    "city": "",
    "country": "United Kingdom"
  },
  {
    "name": "Simone Salardi",
    "dupr_id": "EG7OGW",
    "city": "",
    "country": "United Kingdom"
  },
  {
    "name": "Trish Mcmahon",
    "dupr_id": "3V070E",
    "city": "",
    "country": "United Kingdom"
  },
  {
    "name": "Deborah Good",
    "dupr_id": "59XVOV",
    "city": "",
    "country": "United Kingdom"
  },
  {
    "name": "Paul Donaghy",
    "dupr_id": "XJLOY2",
    "city": "",
    "country": "United Kingdom"
  },
  {
    "name": "Lesley Haley",
    "dupr_id": "GGO0VM",
    "city": "",
    "country": "United Kingdom"
  },
  {
    "name": "Keith Alderson",
    "dupr_id": "ODJ4P2",
    "city": "",
    "country": "United Kingdom"
  },
  {
    "name": "Darren Wilmott",
    "dupr_id": "V4GJW5",
    "city": "",
    "country": "United Kingdom"
  },
  {
    "name": "Stuart Sinclair",
    "dupr_id": "V7NPRP",
    "city": "",
    "country": "United Kingdom"
  },
  {
    "name": "Stylianos Theokl ...",
    "dupr_id": "YGLZDG",
    "city": "",
    "country": "United Kingdom"
  },
  {
    "name": "Sascha Peters",
    "dupr_id": "KXEQYK",
    "city": "",
    "country": "Germany"
  },
  {
    "name": "Mario Treugut",
    "dupr_id": "PW7OVM",
    "city": "",
    "country": "Germany"
  },
  {
    "name": "Markus Erkelenz",
    "dupr_id": "RZ0GJM",
    "city": "",
    "country": "Germany"
  },
  {
    "name": "Lavish Jain",
    "dupr_id": "0YE7E2",
    "city": "",
    "country": ""
  },
  {
    "name": "Bernhard Laerz",
    "dupr_id": "4LD0LV",
    "city": "",
    "country": ""
  },
  {
    "name": "Thomas Callesen",
    "dupr_id": "L299YK",
    "city": "",
    "country": "Denmark"
  },
  {
    "name": "Juan Carlos Garc ...",
    "dupr_id": "4LJQMG",
    "city": "",
    "country": "Spain"
  },
  {
    "name": "Patrick Heywood",
    "dupr_id": "JZER9W",
    "city": "",
    "country": "Portugal"
  },
  {
    "name": "Hythem Elrakaybi",
    "dupr_id": "XJP2K2",
    "city": "",
    "country": "Portugal"
  },
  {
    "name": "Kelly Maciuba",
    "dupr_id": "XJZZL7",
    "city": "",
    "country": "Portugal"
  },
  {
    "name": "Mats Hallonblad",
    "dupr_id": "W6PL2K",
    "city": "",
    "country": "Sweden"
  },
  {
    "name": "Jack Stålebrink",
    "dupr_id": "4LJZKG",
    "city": "",
    "country": "Sweden"
  },
  {
    "name": "Elin Sahlée",
    "dupr_id": "GG497G",
    "city": "",
    "country": "Sweden"
  },
  {
    "name": "Mats Fransson",
    "dupr_id": "NYJP67",
    "city": "",
    "country": "Sweden"
  },
  {
    "name": "Lubos Paukeje",
    "dupr_id": "99Z67E",
    "city": "",
    "country": "Slovakia"
  },
  {
    "name": "Barbara Szabo",
    "dupr_id": "W6OGGQ",
    "city": "",
    "country": "Austria"
  },
  {
    "name": "Tilda Andrews",
    "dupr_id": "YGLYKD",
    "city": "",
    "country": "Austria"
  },
  {
    "name": "Mireille Sornasse",
    "dupr_id": "9PWW4R",
    "city": "",
    "country": "Belgium"
  },
  {
    "name": "Ben Coune",
    "dupr_id": "6ZEJM0",
    "city": "",
    "country": "Belgium"
  },
  {
    "name": "Manuella Jacobs",
    "dupr_id": "V7KYLJ",
    "city": "",
    "country": "Belgium"
  },
  {
    "name": "Valentin Herbeuval",
    "dupr_id": "KO9O9Y",
    "city": "",
    "country": "Belgium"
  },
  {
    "name": "Stephane Duterme",
    "dupr_id": "4LJWJ2",
    "city": "",
    "country": "Belgium"
  },
  {
    "name": "Mark Van Roy",
    "dupr_id": "4ZKL7M",
    "city": "",
    "country": "Belgium"
  },
  {
    "name": "Johan Meiresone",
    "dupr_id": "99NK9K",
    "city": "",
    "country": "Belgium"
  },
  {
    "name": "Sidney Libert",
    "dupr_id": "D94W76",
    "city": "",
    "country": "Belgium"
  },
  {
    "name": "Urs Padel",
    "dupr_id": "ODMDXL",
    "city": "",
    "country": "Switzerland"
  },
  {
    "name": "Diego Tavella",
    "dupr_id": "Z96YXM",
    "city": "",
    "country": "Czech Republic"
  },
  {
    "name": "Peter Rauch",
    "dupr_id": "GGDE6X",
    "city": "",
    "country": "Germany"
  },
  {
    "name": "Andreas Balling",
    "dupr_id": "9PKWVE",
    "city": "",
    "country": "Germany"
  },
  {
    "name": "Fritz Kopkau",
    "dupr_id": "4LQ466",
    "city": "",
    "country": "Germany"
  },
  {
    "name": "Benedikt Kruse",
    "dupr_id": "YGVWL4",
    "city": "",
    "country": "Germany"
  },
  {
    "name": "Uwe Diek",
    "dupr_id": "2LWLN7",
    "city": "",
    "country": "Germany"
  },
  {
    "name": "Katja Polten",
    "dupr_id": "DW2KX4",
    "city": "",
    "country": "Germany"
  },
  {
    "name": "Andreas Baudone",
    "dupr_id": "GG4MZG",
    "city": "",
    "country": "Germany"
  },
  {
    "name": "Dieter Terhardt",
    "dupr_id": "PKO24E",
    "city": "",
    "country": "Germany"
  },
  {
    "name": "Andreas Wiglinghoff",
    "dupr_id": "RZONJN",
    "city": "",
    "country": "Germany"
  },
  {
    "name": "Birgit Büße",
    "dupr_id": "OD2LXP",
    "city": "",
    "country": "Germany"
  },
  {
    "name": "Ajoscha Von Ameln",
    "dupr_id": "PKGXOE",
    "city": "",
    "country": "Germany"
  },
  {
    "name": "Michel Möhlendick",
    "dupr_id": "V7PO9P",
    "city": "",
    "country": "Germany"
  },
  {
    "name": "Axel Schreier",
    "dupr_id": "V7GQ65",
    "city": "",
    "country": "Germany"
  },
  {
    "name": "Dietrich Goellmann",
    "dupr_id": "17PXWM",
    "city": "",
    "country": "Germany"
  },
  {
    "name": "Patrick Leonhardt",
    "dupr_id": "MYKRVP",
    "city": "",
    "country": "Germany"
  },
  {
    "name": "Markus Freudig ",
    "dupr_id": "YNMQV4",
    "city": "",
    "country": "Germany"
  },
  {
    "name": "Verena Franke-ma ...",
    "dupr_id": "OD65YL",
    "city": "",
    "country": "Germany"
  },
  {
    "name": "Christian Engelberg",
    "dupr_id": "ZN950D",
    "city": "",
    "country": "Germany"
  },
  {
    "name": "Tobias Grabert",
    "dupr_id": "EG6Z7E",
    "city": "",
    "country": "Germany"
  },
  {
    "name": "Markus Riad",
    "dupr_id": "NYJPNW",
    "city": "",
    "country": "Germany"
  },
  {
    "name": "Heinz Petry",
    "dupr_id": "ZNZP0P",
    "city": "",
    "country": "Germany"
  },
  {
    "name": "Katja Schneider",
    "dupr_id": "PK9GVQ",
    "city": "",
    "country": "Germany"
  },
  {
    "name": "Johanna Meadows",
    "dupr_id": "XJP027",
    "city": "",
    "country": "Germany"
  },
  {
    "name": "Max Knetsch",
    "dupr_id": "QPGMV4",
    "city": "",
    "country": "Germany"
  },
  {
    "name": "Felix Tamms",
    "dupr_id": "9PKQJE",
    "city": "",
    "country": "Germany"
  },
  {
    "name": "Sven Christian M ...",
    "dupr_id": "9PWQOK",
    "city": "",
    "country": "Germany"
  },
  {
    "name": "Uwe Bellstedt",
    "dupr_id": "4ZN4Y2",
    "city": "",
    "country": "Germany"
  },
  {
    "name": "Dirk Fricke",
    "dupr_id": "59VW2V",
    "city": "",
    "country": "Germany"
  },
  {
    "name": "Björn Boßmann",
    "dupr_id": "4LD0GG",
    "city": "",
    "country": "Germany"
  },
  {
    "name": "Nadim Sabeh",
    "dupr_id": "9PWWQJ",
    "city": "",
    "country": "Germany"
  },
  {
    "name": "Stefan Scheunemann",
    "dupr_id": "EGNJKW",
    "city": "",
    "country": "Germany"
  },
  {
    "name": "Silke Gronemann",
    "dupr_id": "DWGQR6",
    "city": "",
    "country": "Germany"
  },
  {
    "name": "Rudolf Möller",
    "dupr_id": "4LJK5K",
    "city": "",
    "country": "Germany"
  },
  {
    "name": "Ryan Mcbeth",
    "dupr_id": "PKO0VX",
    "city": "",
    "country": "Germany"
  },
  {
    "name": "Sarah Farhat",
    "dupr_id": "L56DN5",
    "city": "",
    "country": "France"
  },
  {
    "name": "Alexis Petitprez",
    "dupr_id": "V7RXLJ",
    "city": "",
    "country": "France"
  },
  {
    "name": "William Price",
    "dupr_id": "V7K497",
    "city": "",
    "country": "United Kingdom"
  },
  {
    "name": "Ivan Winter",
    "dupr_id": "JZEJLM",
    "city": "",
    "country": "United Kingdom"
  },
  {
    "name": "Jiri Kulha",
    "dupr_id": "EGNLZJ",
    "city": "",
    "country": "United Kingdom"
  },
  {
    "name": "Marek Grof",
    "dupr_id": "L560RK",
    "city": "",
    "country": "United Kingdom"
  },
  {
    "name": "Keith Rankin",
    "dupr_id": "DWGPY4",
    "city": "",
    "country": "United Kingdom"
  },
  {
    "name": "Trish Ellis",
    "dupr_id": "XJ4J55",
    "city": "",
    "country": "United Kingdom"
  },
  {
    "name": "Julian Ashley",
    "dupr_id": "8MJN7G",
    "city": "",
    "country": "United Kingdom"
  },
  {
    "name": "Robert Warburton",
    "dupr_id": "RZN5XM",
    "city": "",
    "country": "United Kingdom"
  },
  {
    "name": "George Oberholzer",
    "dupr_id": "ZN2O0W",
    "city": "",
    "country": "United Kingdom"
  },
  {
    "name": "Katherine Knowles",
    "dupr_id": "3XDXDX",
    "city": "0",
    "country": "United Kingdom"
  },
  {
    "name": "Richard Shaw",
    "dupr_id": "3ZY0NM",
    "city": "",
    "country": "United Kingdom"
  },
  {
    "name": "Steph Grace",
    "dupr_id": "8E6MQJ",
    "city": "",
    "country": "United Kingdom"
  },
  {
    "name": "Nicola Smith",
    "dupr_id": "EGNERE",
    "city": "",
    "country": "United Kingdom"
  },
  {
    "name": "Ian Tomlin",
    "dupr_id": "JZEJYD",
    "city": "",
    "country": "United Kingdom"
  },
  {
    "name": "Caroline Hicks",
    "dupr_id": "ZNE7MP",
    "city": "",
    "country": "United Kingdom"
  },
  {
    "name": "Mr Haygreen",
    "dupr_id": "JZEEG4",
    "city": "",
    "country": "United Kingdom"
  },
  {
    "name": "Joanne Westgarth",
    "dupr_id": "305DK4",
    "city": "",
    "country": "United Kingdom"
  },
  {
    "name": "Tony Cross",
    "dupr_id": "PKYKWG",
    "city": "",
    "country": "United Kingdom"
  },
  {
    "name": "Seamus Cuddihy",
    "dupr_id": "352K0P",
    "city": "",
    "country": "United Kingdom"
  },
  {
    "name": "Richard Ellis",
    "dupr_id": "DWGO0Y",
    "city": "",
    "country": "United Kingdom"
  },
  {
    "name": "David Chapman",
    "dupr_id": "8mjrnv",
    "city": "",
    "country": "United Kingdom"
  },
  {
    "name": "Gwyneth Rees",
    "dupr_id": "17Q460",
    "city": "",
    "country": "United Kingdom"
  },
  {
    "name": "Matthew Lucas",
    "dupr_id": "594NLV",
    "city": "",
    "country": "United Kingdom"
  },
  {
    "name": "Lynda Oswin",
    "dupr_id": "RZNEQM",
    "city": "",
    "country": "United Kingdom"
  },
  {
    "name": "Gus Deru",
    "dupr_id": "GGJ7JQ",
    "city": "",
    "country": "United Kingdom"
  },
  {
    "name": "Stephen Graham",
    "dupr_id": "OD45VP",
    "city": "",
    "country": "United Kingdom"
  },
  {
    "name": "Simon Odell",
    "dupr_id": "RZNP2E",
    "city": "",
    "country": "United Kingdom"
  },
  {
    "name": "Vicky Ault",
    "dupr_id": "30V6XN",
    "city": "",
    "country": "United Kingdom"
  },
  {
    "name": "Siobhan Mcadam",
    "dupr_id": "7DGXD9",
    "city": "",
    "country": "United Kingdom"
  },
  {
    "name": "Dennis Orr",
    "dupr_id": "KOWPP7",
    "city": "",
    "country": "United Kingdom"
  },
  {
    "name": "Simon Oneill",
    "dupr_id": "QPG0ER",
    "city": "",
    "country": "United Kingdom"
  },
  {
    "name": "Jean Edgar",
    "dupr_id": "4LPW52",
    "city": "",
    "country": "United Kingdom"
  },
  {
    "name": "Mike Bird",
    "dupr_id": "W6POWK",
    "city": "",
    "country": "United Kingdom"
  },
  {
    "name": "Natalie Chatfield",
    "dupr_id": "2L6WP9",
    "city": "",
    "country": "United Kingdom"
  },
  {
    "name": "Paul Obrien",
    "dupr_id": "L56L56",
    "city": "",
    "country": "United Kingdom"
  },
  {
    "name": "Martin Blythe",
    "dupr_id": "MYYW2V",
    "city": "",
    "country": "United Kingdom"
  },
  {
    "name": "Stephen Wilson",
    "dupr_id": "RZNPLZ",
    "city": "",
    "country": "United Kingdom"
  },
  {
    "name": "Michael De Groot",
    "dupr_id": "896LPK",
    "city": "",
    "country": "United Kingdom"
  },
  {
    "name": "Kate Clarkson",
    "dupr_id": "JZ4EYO",
    "city": "",
    "country": "United Kingdom"
  }
]